Tipe Silang,Tgl Beli,No LPB,Sales Beli,Supplier,Nama Barang,Qty Silang,HPP Beli,Tgl Jual,No SJ,Sales Jual,Customer
PF dipakai BC,2026-03-31,KB-LPBD-20260331-004,PF,"CV SAMUDRA JAYA ABADI","Gatsby Facewash Oil Control 100Grx36",5,650811,2026-01-20,SJ-836-20012026-003,BC,"PT. MITRA ASIA SYNERGY"
PF dipakai BC,2026-03-31,KB-LPBD-20260331-004,PF,"CV SAMUDRA JAYA ABADI","Gatsby Facewash Clear Whitening 100Grx36",5,650811,2026-01-20,SJ-836-20012026-003,BC,"PT. MITRA ASIA SYNERGY"
PF dipakai BC,2026-01-19,KB-LPBD-19012026-008,PF,"CV SAMUDRA JAYA ABADI","Gatsby Water Gloss Super Hard 216X30Gr",15,753081.08,2026-01-20,SJ-836-20012026-003,BC,"PT. MITRA ASIA SYNERGY"
PF dipakai BC,2026-01-19,KB-LPBD-19012026-008,PF,"CV SAMUDRA JAYA ABADI","Gatsby Water Gloss Hyper Solid 216X30Gr",30,753081.08,2026-01-20,SJ-836-20012026-003,BC,"PT. MITRA ASIA SYNERGY"
PF dipakai BC,2026-03-04,KB-LPBD-20260304-008,PF,"CV SAMUDRA JAYA ABADI","Gatsby Water Gloss Hard 96X75Gr",10,619819.82,2026-01-20,SJ-836-20012026-003,BC,"PT. MITRA ASIA SYNERGY"
PF dipakai BC,2026-03-04,KB-LPBD-20260304-008,PF,"CV SAMUDRA JAYA ABADI","Gatsby Water Gloss Super Hard 96X75Gr",10,619819.82,2026-01-20,SJ-836-20012026-003,BC,"PT. MITRA ASIA SYNERGY"
PF dipakai BC,2026-01-19,KB-LPBD-19012026-008,PF,"CV SAMUDRA JAYA ABADI","Gatsby Water Gloss Hyper Solid 96X75Gr",10,619819.82,2026-01-20,SJ-836-20012026-003,BC,"PT. MITRA ASIA SYNERGY"
PF dipakai BC,2026-03-04,KB-LPBD-20260304-008,PF,"CV SAMUDRA JAYA ABADI","Gatsby Water Gloss Hyper Solid 96X75Gr",10,588828.83,2026-01-20,SJ-836-20012026-003,BC,"PT. MITRA ASIA SYNERGY"
PF dipakai BC,2026-03-08,KB-LPBD-20260408-001,PF,"CV SAMUDRA JAYA ABADI","Gatsby Water Gloss Soft 48X150Gr",5,588828.83,2026-01-20,SJ-836-20012026-003,BC,"PT. MITRA ASIA SYNERGY"
PF dipakai BC,2026-03-08,KB-LPBD-20260408-001,PF,"CV SAMUDRA JAYA ABADI","Gatsby Water Gloss Hard 48X150Gr",22,588828.83,2026-01-20,SJ-836-20012026-003,BC,"PT. MITRA ASIA SYNERGY"
PF dipakai BC,2026-03-08,KB-LPBD-20260408-001,PF,"CV SAMUDRA JAYA ABADI","Gatsby Water Gloss Super Hard 150Grx48",23,588828.83,2026-01-20,SJ-836-20012026-003,BC,"PT. MITRA ASIA SYNERGY"
PF dipakai BC,2026-03-08,KB-LPBD-20260408-001,PF,"CV SAMUDRA JAYA ABADI","Gatsby Water Gloss Hyper Solid 48X150Gr",40,588828.83,2026-01-20,SJ-836-20012026-003,BC,"PT. MITRA ASIA SYNERGY"
PF dipakai BC,2026-02-27,KB-LPBD-27022026-002,PF,"CV SAMUDRA JAYA ABADI","Gatsby Water Gloss Hyper Solid 36X300Gr",10,674054.1,2026-01-20,SJ-836-20012026-003,BC,"PT. MITRA ASIA SYNERGY"
PF dipakai BC,2026-03-04,KB-LPBD-20260304-008,PF,"CV SAMUDRA JAYA ABADI","Gatsby Eau De Blue Deo Roll On Skyline Code 48X50Ml",5,619819.82,2026-01-20,SJ-836-20012026-003,BC,"PT. MITRA ASIA SYNERGY"
PF dipakai BC,2026-03-04,KB-LPBD-20260304-008,PF,"CV SAMUDRA JAYA ABADI","Gatsby Eau De Blue Deo Roll On Earth Code 48X50Ml",5,619819.82,2026-01-20,SJ-836-20012026-003,BC,"PT. MITRA ASIA SYNERGY"
PF dipakai BC,2026-03-04,KB-LPBD-20260304-008,PF,"CV SAMUDRA JAYA ABADI","Gatsby Eau De Blue Deo Roll On Air Code 48X50Ml",5,619819.82,2026-01-20,SJ-836-20012026-003,BC,"PT. MITRA ASIA SYNERGY"
PF dipakai BC,2026-03-04,KB-LPBD-20260304-008,PF,"CV SAMUDRA JAYA ABADI","Gatsby Eau De Bold Deodorant Roll On Space Code 50 Mlx48",15,619819.82,2026-01-20,SJ-836-20012026-003,BC,"PT. MITRA ASIA SYNERGY"
PF dipakai BC,2026-03-04,KB-LPBD-20260304-008,PF,"CV SAMUDRA JAYA ABADI","Gatsby Eau De Bold Deodorant Roll On Moon Code 50 Mlx48",15,619819.82,2026-01-20,SJ-836-20012026-003,BC,"PT. MITRA ASIA SYNERGY"
PF dipakai BC,2026-01-19,KB-LPBD-19012026-008,PF,"CV SAMUDRA JAYA ABADI","Gatsby Eau De Blue Eau De Parfum Skyline Code 48X100Ml",5,1332612.61,2026-01-20,SJ-836-20012026-003,BC,"PT. MITRA ASIA SYNERGY"
PF dipakai BC,2026-01-19,KB-LPBD-19012026-008,PF,"CV SAMUDRA JAYA ABADI","Gatsby Eau De Blue Eau De Parfum Earth Code 48X100Ml",5,1332612.61,2026-01-20,SJ-836-20012026-003,BC,"PT. MITRA ASIA SYNERGY"
PF dipakai BC,2026-01-19,KB-LPBD-19012026-008,PF,"CV SAMUDRA JAYA ABADI","Gatsby Eau De Blue Eau De Parfum Air Code 48X100Ml",5,1332612.61,2026-01-20,SJ-836-20012026-003,BC,"PT. MITRA ASIA SYNERGY"
PF dipakai BC,2026-01-30,KB-LPBD-30012026-001,PF,"PT SEKAR WANGI ADA PERKASA","Chitato Snack Cheese Supreme 65Gr",400,202477.48,2026-01-30,SJ-583-30012026-010,BC,"PT. SANIKI DISTRIBUTION INDONESIA"
PF dipakai BC,2026-01-30,KB-LPBD-30012026-001,PF,"PT SEKAR WANGI ADA PERKASA","Chitato Indomie Goreng 65Gr",200,202477.48,2026-01-30,SJ-583-30012026-010,BC,"PT. SANIKI DISTRIBUTION INDONESIA"
BC dipakai PF,2026-01-28,KB-LPB-28012026-008,BC,"LOTTE MART GANDARIA CITY","Sunlight 610Ml",50,87000,2026-03-31,SJ-287-31032026-005,PF,"ADRIAN"
BC dipakai PF,2026-01-29,KB-LPB-29012026-003,BC,"LOTTE MART GANDARIA CITY","Sunlight 610Ml",150,87000,2026-03-31,SJ-287-31032026-005,PF,"ADRIAN"
BC dipakai PF,2026-01-29,KB-LPB-29012026-003,BC,"LOTTE MART GANDARIA CITY","Sunlight 610Ml",400,87000,2026-03-31,SJ-370-26032026-001,PF,"YAHYA"
BC dipakai PF,2026-01-29,KB-LPB-29012026-003,BC,"LOTTE MART GANDARIA CITY","Sunlight 610Ml",450,87000,2026-03-31,SJ-548-31032026-006,PF,"AGUS MAGELANG"
BC dipakai PF,2026-01-30,KB-LPB-30012026-005,BC,"LOTTE MART GANDARIA CITY","Sunlight 610Ml",50,87000,2026-04-01,SJ-975-01042026-005,PF,"MARZUKI"
BC dipakai PF,2026-03-31,KB-LPB-31032026-001,BC,"HYPERMART PURI INDAH ","Ellips Hair Vitamin Hair Nutri Color Blister (Ungu)",3,655200,2026-04-01,SJ-954-17042026-001,PF,"PT. PUTERA MAKMUR TRADING"
BC dipakai PF,2026-04-01,KB-LPB-20260401-001,BC,"PT MATAHARI PUTRA PRIMA","Ellips Hair Vitamin Hair Nutri Color Blister (Ungu)",3,655200,2026-04-01,SJ-954-17042026-001,PF,"PT. PUTERA MAKMUR TRADING"
BC dipakai PF,2026-04-02,KB-LPB-02042026-003,BC,"HPM EKALOS","Ellips Hair Vitamin Hair Nutri Color Blister (Ungu)",2,655200,2026-04-01,SJ-954-17042026-001,PF,"PT. PUTERA MAKMUR TRADING"
BC dipakai PF,2026-04-06,KB-LPB-06042026-006,BC,"HYPERMART GADING SERPONG","Ellips Hair Vitamin Hair Nutri Color Blister (Ungu)",4,655200,2026-04-01,SJ-954-17042026-001,PF,"PT. PUTERA MAKMUR TRADING"
BC dipakai PF,2026-04-07,KB-LPB-07042026-007,BC,"HYPERMART GADING SERPONG","Ellips Hair Vitamin Hair Nutri Color Blister (Ungu)",1,756000,2026-04-01,SJ-954-17042026-001,PF,"PT. PUTERA MAKMUR TRADING"
BC dipakai PF,2026-04-13,KB-LPB-13042026-004,BC,"Hypermart - Cyberpark Karawaci LKU","Ellips Hair Vitamin Hair Nutri Color Blister (Ungu)",5,655200,2026-04-01,SJ-954-17042026-001,PF,"PT. PUTERA MAKMUR TRADING"
BC dipakai PF,2026-04-13,KB-LPB-13042026-001,BC," HYPERMART VILLA MELATI ","Ellips Hair Vitamin Hair Nutri Color Blister (Ungu)",2,655200,2026-04-01,SJ-954-17042026-001,PF,"PT. PUTERA MAKMUR TRADING"
BC dipakai PF,2026-04-14,KB-LPB-14042026-001,BC,"HYPERMART GOURMENT","Ellips Hair Vitamin Hair Nutri Color Blister (Ungu)",2,655200,2026-04-01,SJ-954-17042026-001,PF,"PT. PUTERA MAKMUR TRADING"
BC dipakai PF,2026-04-20,KB-LPB-20042026-002,BC,"Hypermart - Supermal Karawaci","Ellips Hair Vitamin Hair Nutri Color Blister (Ungu)",4,655200,2026-04-01,SJ-954-17042026-001,PF,"PT. PUTERA MAKMUR TRADING"
BC dipakai PF,2026-05-01,KB-LPB-16052026-003,BC," HYPERMART VILLA MELATI ","Ellips Hair Vitamin Hair Nutri Color Blister (Ungu)",2,655200,2026-04-01,SJ-954-17042026-001,PF,"PT. PUTERA MAKMUR TRADING"
BC dipakai PF,2026-05-04,KB-LPB-04052026-001,BC,"HYPERMART DAAN MOGOT","Ellips Hair Vitamin Hair Nutri Color Blister (Ungu)",2,655200,2026-04-01,SJ-954-17042026-001,PF,"PT. PUTERA MAKMUR TRADING"
BC dipakai PF,2026-05-04,KB-LPB-04052026-002,BC,"HYPERMART PURI INDAH ","Ellips Hair Vitamin Hair Nutri Color Blister (Ungu)",1,655200,2026-04-01,SJ-954-17042026-001,PF,"PT. PUTERA MAKMUR TRADING"
PF dipakai BC,2026-02-03,KB-LPBD-03022026-003,PF,"CV SAMUDRA JAYA ABADI","Gatsby Water Gloss Soft 48X150Gr",25,585405.405,2026-04-01,SJ-158-10012026-002,BC,"PT. RAJA IMPEX"
PF dipakai BC,2026-02-27,KB-LPBD-27022026-002,PF,"CV SAMUDRA JAYA ABADI","Gatsby Water Gloss Soft 48X150Gr",10,588828.8,2026-04-01,SJ-158-10012026-002,BC,"PT. RAJA IMPEX"
PF dipakai BC,2026-01-06,KB-LPBD-20260108-004,PF,"CV SAMUDRA JAYA ABADI","Gatsby Styling Pomade 75G (Perfect Rise) 4 X 12 X 75G",2,1022702.7,2026-04-01,SJ-158-10012026-002,BC,"PT. RAJA IMPEX"
PF dipakai BC,2026-01-06,KB-LPBD-20260108-004,PF,"CV SAMUDRA JAYA ABADI","Gatsby Roll On Deodorant Fresh Marine 72X50Ml",1,883243.24,2026-04-01,SJ-158-10012026-002,BC,"PT. RAJA IMPEX"
PF dipakai BC,2026-01-06,KB-LPBD-20260108-004,PF,"CV SAMUDRA JAYA ABADI","Gatsby Spray Pomade Quick & Volume 150Mlx48",10,1007207.21,2026-04-01,SJ-158-10012026-002,BC,"PT. RAJA IMPEX"
PF dipakai BC,2026-01-06,KB-LPBD-20260108-004,PF,"CV SAMUDRA JAYA ABADI","Gatsby Styling Pomade Supreme Hold (48X75Gr)",5,1022702.7,2026-04-01,SJ-158-10012026-002,BC,"PT. RAJA IMPEX"
PF dipakai BC,2026-02-03,KB-LPBD-03022026-003,PF,"CV SAMUDRA JAYA ABADI","Gatsby Water Gloss Super Hard 150Grx48",30,585405.405,2026-04-01,SJ-158-10012026-002,BC,"PT. RAJA IMPEX"
PF dipakai BC,2026-02-12,KB-LPBD-12022026-005,PF,"CV SAMUDRA JAYA ABADI","Gatsby T-Hair Cream Normal 36X245Gr",20,488108.1,2026-04-01,SJ-158-10012026-002,BC,"PT. RAJA IMPEX"
PF dipakai BC,2026-02-27,KB-LPBD-27022026-002,PF,"CV SAMUDRA JAYA ABADI","Gatsby T-Hair Cream Normal 36X245Gr",10,488108.1,2026-04-01,SJ-158-10012026-002,BC,"PT. RAJA IMPEX"
PF dipakai BC,2026-02-03,KB-LPBD-03022026-003,PF,"CV SAMUDRA JAYA ABADI","Gatsby Water Gloss Hard 48X150Gr",20,585405.405,2026-04-01,SJ-158-10012026-002,BC,"PT. RAJA IMPEX"
PF dipakai BC,2026-02-03,KB-LPBD-03022026-003,PF,"CV SAMUDRA JAYA ABADI","Gatsby Water Gloss Hyper Solid 48X150Gr",20,585405.405,2026-04-01,SJ-158-10012026-002,BC,"PT. RAJA IMPEX"
BC dipakai PF,2026-02-25,KB-LPBD-25022026-002,BC,"Jenindo Prakarsa Jati Asih , Bekasi","Blue Band Serbaguna 200G",1,414175.81,2026-04-01,SJ-218-07032026-001,PF,"PT. BHAKTI KARYA DISTRIBUSI INDONESIA"
BC dipakai PF,2026-02-10,KB-LPBD-10022026-001,BC,"PT INTI CAKRAWALA CITRA","Kit Kat Chocolate Drink 220Ml X 24",75,194594.6,2026-04-01,SJ-298-11032026-002,PF,"METRO IMPEX MAKMUR"
BC dipakai PF,2026-02-11,KB-LPBD-11022026-001,BC,"PT INTI CAKRAWALA CITRA","Kit Kat Chocolate Drink 220Ml X 24",925,194594.6,2026-04-01,SJ-298-11032026-002,PF,"METRO IMPEX MAKMUR"
BC dipakai PF,2026-01-30,KB-LPB-30012026-005,BC,"LOTTE MART GANDARIA CITY","Sunlight 610Ml",50,87000,2026-04-01,SJ-960-01042026-009,PF,"BU AYU "
BC dipakai PF,2026-03-12,KB-LPBD-20260316006,BC,"PT LOTTE MART INDONESIA","Gatsby Facewash Oil Control 100Grx36",4,600000,2026-04-01,SJ-840-10032026-003,PF,"PT. RAJA IMPEX"
BC dipakai PF,2026-03-12,KB-LPBD-20260313-005,BC,"PT LOTTE MART INDONESIA","Gatsby Facewash Clear Whitening 100Grx36",5,600000,2026-04-01,SJ-840-10032026-003,PF,"PT. RAJA IMPEX"
BC dipakai PF,2026-03-12,KB-LPBD-20260313-005,BC,"PT LOTTE MART INDONESIA","Gatsby Facewash Skin Triple Protection 100Grx36",15,600000,2026-04-01,SJ-840-10032026-003,PF,"PT. RAJA IMPEX"
BC dipakai PF,2026-03-12,KB-LPBD-20260313-005,BC,"PT LOTTE MART INDONESIA","Gatsby Facewash Clear Whitening 100Grx36",30,600000,2026-04-01,SJ-262-02042026-003,PF,"PT. RAJA IMPEX"
BC dipakai PF,2026-03-12,KB-LPBD-20260313-005,BC,"PT LOTTE MART INDONESIA","Gatsby Facewash Perfect Clean 100Grx36",16,600000,2026-04-01,SJ-262-02042026-003,PF,"PT. RAJA IMPEX"
BC dipakai PF,2026-03-12,KB-LPBD-20260313-005,BC,"PT LOTTE MART INDONESIA","Gatsby Facewash Skin Triple Protection 100Grx36",25,600000,2026-04-01,SJ-262-02042026-003,PF,"PT. RAJA IMPEX"
BC dipakai PF,2026-03-12,KB-LPBD-20260316006,BC,"PT LOTTE MART INDONESIA","Gatsby Facewash Oil Control 100Grx36",25,600000,2026-04-01,SJ-262-02042026-003,PF,"PT. RAJA IMPEX"
PF dipakai BC,2026-01-15,KB-LPBD-15012026-001,PF,"Lotte Mart Fatmawati","Sedaap Mie Goreng Isi 5 Bag 90Gr 8 X 5 X 91 Gr",1,88648.65,2026-04-02,SJ-573-02042026-004,BC,"PT MEGA PROSINDO"
PF dipakai BC,2026-01-30,KB-LPB-30012026-003,PF,"Hypermart - Supermal Karawaci","Youc1000 Orange 140ML",300,139980,2026-04-02,SJ-105-01042026-011,BC,"ALDO "
PF dipakai BC,2026-01-30,KB-LPB-30012026-003,PF,"Hypermart - Supermal Karawaci","Youc1000 Orange 140ML",499,139980,2026-04-02,SJ-200-02042026-004,BC,"ANGEL"
BC dipakai PF,2026-01-30,KB-LPB-30012026-002,BC,"LOTTE MART BINTARO","Sunlight 610Ml",150,87000,2026-04-02,SJ-437-02042026-010,PF,"BU AYU "
BC dipakai PF,2026-05-21,KB-LPBD-21052026-002,BC,"PT SEKAR WANGI ADA PERKASA","Attack Detergent Powder Hygiene + Protection 12X750Gr",200,207477.477,2026-04-04,SJ-595-04042026-001,PF,"PT. RAJA IMPEX"
BC dipakai PF,2026-05-21,KB-LPBD-21052026-002,BC,"PT SEKAR WANGI ADA PERKASA","Attack Softener 12X750Gr",70,207477.477,2026-04-04,SJ-595-04042026-001,PF,"PT. RAJA IMPEX"
BC dipakai PF,2026-05-04,KB-LPB-04052026-002,BC,"HYPERMART PURI INDAH ","Ellips Hair Vitamin Hair Nutri Color Blister (Ungu)",1,655200,2026-04-04,SJ-616-04042026-005,PF,"FRESH MEN"
BC dipakai PF,2026-05-04,KB-LPB-04052026-006,BC,"HPM EKALOS","Ellips Hair Vitamin Hair Nutri Color Blister (Ungu)",2,655200,2026-04-04,SJ-616-04042026-005,PF,"FRESH MEN"
BC dipakai PF,2026-02-14,KB-LPB-14022026-001,BC,"Hypermart - Supermal Karawaci","Ellips Hair Vitamin Hair Shiny Black Blister (Hitam) 6x6x12",5,651600,2026-04-04,SJ-616-04042026-005,PF,"FRESH MEN"
BC dipakai PF,2026-02-19,KB-LPB-19022026-002,BC,"HYPERMART GOURMENT","Ellips Hair Vitamin Hair Shiny Black Blister (Hitam) 6x6x12",5,651600,2026-04-04,SJ-616-04042026-005,PF,"FRESH MEN"
BC dipakai PF,2026-02-14,KB-LPB-14022026-001,BC,"Hypermart - Supermal Karawaci","Ellips Hair Vitamin Hair Treatment Blister (Pink)",5,651600,2026-04-04,SJ-616-04042026-005,PF,"FRESH MEN"
BC dipakai PF,2026-02-19,KB-LPB-19022026-002,BC,"HYPERMART GOURMENT","Ellips Hair Vitamin Hair Treatment Blister (Pink)",5,651600,2026-04-04,SJ-616-04042026-005,PF,"FRESH MEN"
BC dipakai PF,2026-02-14,KB-LPB-14022026-001,BC,"Hypermart - Supermal Karawaci","Ellips Hair Vitamin Smooth &  Shiny Blister (Yellow)",6,651600,2026-04-04,SJ-616-04042026-005,PF,"FRESH MEN"
BC dipakai PF,2026-02-19,KB-LPB-19022026-002,BC,"HYPERMART GOURMENT","Ellips Hair Vitamin Smooth &  Shiny Blister (Yellow)",1,651600,2026-04-04,SJ-616-04042026-005,PF,"FRESH MEN"
BC dipakai PF,2026-03-31,KB-LPB-31032026-001,BC,"HYPERMART PURI INDAH ","Ellips Hair Vitamin Hair Shiny Black Jar (Hitam)",2,756000,2026-04-04,SJ-616-04042026-005,PF,"FRESH MEN"
BC dipakai PF,2026-03-31,KB-LPB-31032026-001,BC,"HYPERMART PURI INDAH ","Ellips Hair Vitamin Hair Treatment Jar (Pink)",3,756000,2026-04-04,SJ-616-04042026-005,PF,"FRESH MEN"
PF dipakai BC,2026-03-31,KB-LPBD-20260331-004,PF,"CV SAMUDRA JAYA ABADI","Gatsby Facewash Oil Control 100Grx36",4,650811,2026-04-06,SJ-537-06042026-006,BC,"PT. MITRA ASIA SYNERGY"
PF dipakai BC,2026-03-04,KB-LPBD-20260304-008,PF,"CV SAMUDRA JAYA ABADI","Gatsby Eau De Blue Deo Roll On Skyline Code 48X50Ml",10,619819.82,2026-04-06,SJ-537-06042026-006,BC,"PT. MITRA ASIA SYNERGY"
PF dipakai BC,2026-03-04,KB-LPBD-20260304-008,PF,"CV SAMUDRA JAYA ABADI","Gatsby Eau De Blue Deo Roll On Air Code 48X50Ml",10,619819.82,2026-04-06,SJ-537-06042026-006,BC,"PT. MITRA ASIA SYNERGY"
PF dipakai BC,2026-03-04,KB-LPBD-20260304-008,PF,"CV SAMUDRA JAYA ABADI","Gatsby Eau De Blue Deo Roll On Earth Code 48X50Ml",10,619819.82,2026-04-06,SJ-537-06042026-006,BC,"PT. MITRA ASIA SYNERGY"
PF dipakai BC,2026-03-31,KB-LPBD-20260331-004,PF,"CV SAMUDRA JAYA ABADI","Gatsby Facewash Clear Whitening 100Grx36",20,650811,2026-04-06,SJ-537-06042026-006,BC,"PT. MITRA ASIA SYNERGY"
PF dipakai BC,2026-01-30,KB-LPB-30012026-003,PF,"Hypermart - Supermal Karawaci","Youc1000 Orange 140ML",201,139980,2026-04-06,SJ-799-06042026-004,BC,"KOH ABUN ( DEPO SPIL )"
BC dipakai PF,2026-02-18,KB-LPBD-18022026-001,BC,"PT. Cahaya Karang Kencana","Milo Uht Milk 36X110Ml",225,88468.47,2026-04-06,SJ-331-12012026-009,PF,"PT. RAJA IMPEX"
BC dipakai PF,2026-02-02,KB-LPBD-02022026-008,BC,"Hypermart - Cyberpark Karawaci LKU","Abc Sambal Asli 335Ml",97,270270.27,2026-04-06,SJ-772-14012026-003,PF,"PT. BHAKTI KARYA DISTRIBUSI INDONESIA"
PF dipakai BC,2026-01-14,KB-LPBD-14012026-003,PF,"KUDO TEKNOLOGI INDONESIA","Abc Sambal St Extra Pedas",20,304504.5,2026-04-06,SJ-595-15012026-003,BC,"PT. FORTUNE REEF ZONA"
PF dipakai BC,2026-01-14,KB-LPBD-14012026-003,PF,"KUDO TEKNOLOGI INDONESIA","Abc Sambal Extra Pedas Botol 270Ml",300,218018.02,2026-04-06,SJ-595-15012026-003,BC,"PT. FORTUNE REEF ZONA"
PF dipakai BC,2026-02-24,KB-LPBD-24022026-003,PF,"PT. Cahaya Karang Kencana","Nescafe Kopi Classic 10X(60X2Gr)",100,625855.856,2026-04-06,SJ-508-15012026-005,BC,"PT. RAJA IMPEX"
BC dipakai PF,2026-01-30,KB-LPB-30012026-002,BC,"LOTTE MART BINTARO","Sunlight 610Ml",350,87000,2026-04-06,SJ-577-27032026-003,PF,"ANDI "
BC dipakai PF,2026-01-30,KB-LPB-30012026-002,BC,"LOTTE MART BINTARO","Sunlight 610Ml",100,87000,2026-04-06,SJ-944-01042026-012,PF,"BU LINDA (TAMAN SURYA)"
BC dipakai PF,2026-03-29,KB-LPB-20260329-002,BC,"PT MATAHARI PUTRA PRIMA","Youc1000 Orange 140ML",500,139980,2026-04-06,SJ-455-06042026-014,PF,"BU NIAR"
BC dipakai PF,2026-01-28,KB-LPBD-28012026-010,BC,"Hypermart Gandaria","Sedaap Mie Goreng Isi 5 Bag 90Gr 8 X 5 X 91 Gr",100,88288.29,2026-04-06,SJ-791-17012026-001,PF,"PT. FORTUNE REEF ZONA"
BC dipakai PF,2026-03-30,KB-LPBD-20260330-008,BC,"PT LOTTE MART INDONESIA","Sedaap Mie Goreng Isi 5 Bag 90Gr 8 X 5 X 91 Gr",400,88648.648,2026-04-06,SJ-791-17012026-001,PF,"PT. FORTUNE REEF ZONA"
BC dipakai PF,2026-01-28,KB-LPBD-28012026-012,BC,"PT SAYAP MAS UTAMA","Sedaap Mie Soto Isi 5 5X8X75 Gr",275,92505.24,2026-04-06,SJ-791-17012026-001,PF,"PT. FORTUNE REEF ZONA"
BC dipakai PF,2026-03-01,KB-LPBD-20260302004,BC,"PT LOTTE MART INDONESIA","Sedaap Mie Soto Isi 5 5X8X75 Gr",25,86486.48,2026-04-06,SJ-791-17012026-001,PF,"PT. FORTUNE REEF ZONA"
PF dipakai BC,2026-02-03,KB-LPBD-03022026-001,PF,"PT. Lina Jaya Mart","Nescafe Ice Coffee Latte Can 220 ml",50,104504.504,2026-04-06,SJ-453-14012026-002,BC,"PT. INTRADITA PROSIMPEX"
PF dipakai BC,2026-03-08,KB-LPBD-20260308-001,PF,"PT INTI CAKRAWALA CITRA","Kit Kat Chocolate Drink 220Ml X 24",1000,198198.198,2026-04-06,SJ-375-19012026-003,BC,"PT. SANIKI DISTRIBUTION INDONESIA"
BC dipakai PF,2026-05-04,KB-LPB-04052026-008,BC,"Hypermart - Supermal Karawaci","Ellips Hair Vitamin Hair Shiny Black Blister (Hitam) 6x6x12",2,655200,2026-07-03,SJ-814-03072026-003,PF,"PT. RAJA IMPEX"
BC dipakai PF,2026-05-04,KB-LPB-04052026-008,BC,"Hypermart - Supermal Karawaci","Ellips Hair Vitamin Hair Nutri Color Blister (Ungu)",2,655200,2026-04-06,SJ-581-20012026-004,PF,"PT. PUTERA MAKMUR TRADING"
BC dipakai PF,2026-05-04,KB-LPB-04052026-009,BC,"HYPERMART GOURMENT","Ellips Hair Vitamin Hair Nutri Color Blister (Ungu)",2,655200,2026-04-06,SJ-581-20012026-004,PF,"PT. PUTERA MAKMUR TRADING"
BC dipakai PF,2026-05-05,KB-LPB-05052026-001,BC,"Hypermart - Cyberpark Karawaci LKU","Ellips Hair Vitamin Hair Nutri Color Blister (Ungu)",2,655200,2026-04-06,SJ-581-20012026-004,PF,"PT. PUTERA MAKMUR TRADING"
BC dipakai PF,2026-05-05,KB-LPB-05052026-002,BC,"HYPERMART - MALL CIPUTRA CIBUBUR","Ellips Hair Vitamin Hair Nutri Color Blister (Ungu)",2,655200,2026-04-06,SJ-581-20012026-004,PF,"PT. PUTERA MAKMUR TRADING"
BC dipakai PF,2026-05-06,KB-LPB-06052026-004,BC,"HYPERMART GADING SERPONG","Ellips Hair Vitamin Hair Nutri Color Blister (Ungu)",2,655200,2026-04-06,SJ-581-20012026-004,PF,"PT. PUTERA MAKMUR TRADING"
BC dipakai PF,2026-05-07,KB-LPB-07052026-002,BC,"FMT MAXX BOX","Ellips Hair Vitamin Hair Nutri Color Blister (Ungu)",2,655200,2026-04-06,SJ-581-20012026-004,PF,"PT. PUTERA MAKMUR TRADING"
BC dipakai PF,2026-02-25,KB-LPBD-25022026-003,BC,"Hypermart - Cyberpark Karawaci LKU","Abc Kecap Pet 600Ml",100,229275.7,2026-04-06,SJ-798-20012026-006,PF,"PB"
PF dipakai BC,2026-03-08,KB-LPBD-20260408-001,PF,"CV SAMUDRA JAYA ABADI","Gatsby Water Gloss Hyper Solid 48X150Gr",20,588828.83,2026-04-06,SJ-279-21012026-003,BC,"PT. MITRA ASIA SYNERGY"
PF dipakai BC,2026-03-04,KB-LPBD-20260304-008,PF,"CV SAMUDRA JAYA ABADI","Gatsby Water Gloss Hard 96X75Gr",10,619819.82,2026-04-06,SJ-279-21012026-003,BC,"PT. MITRA ASIA SYNERGY"
PF dipakai BC,2026-03-04,KB-LPBD-20260304-008,PF,"CV SAMUDRA JAYA ABADI","Gatsby Water Gloss Super Hard 96X75Gr",10,619819.82,2026-04-06,SJ-279-21012026-003,BC,"PT. MITRA ASIA SYNERGY"
PF dipakai BC,2026-03-04,KB-LPBD-20260304-008,PF,"CV SAMUDRA JAYA ABADI","Gatsby Water Gloss Hyper Solid 96X75Gr",20,619819.82,2026-04-06,SJ-279-21012026-003,BC,"PT. MITRA ASIA SYNERGY"
PF dipakai BC,2026-03-08,KB-LPBD-20260408-001,PF,"CV SAMUDRA JAYA ABADI","Gatsby Water Gloss Super Hard 150Grx48",7,588828.83,2026-04-06,SJ-279-21012026-003,BC,"PT. MITRA ASIA SYNERGY"
PF dipakai BC,2026-04-12,KB-LPBD-12042026-001,PF,"CV SAMUDRA JAYA ABADI","Gatsby Water Gloss Super Hard 150Grx48",1,588828.828,2026-04-06,SJ-279-21012026-003,BC,"PT. MITRA ASIA SYNERGY"
PF dipakai BC,2026-04-12,KB-LPBD-12042026-001,PF,"CV SAMUDRA JAYA ABADI","Gatsby Water Gloss Super Hard 150Grx48",4,588828.828,2026-04-06,SJ-279-21012026-003,BC,"PT. MITRA ASIA SYNERGY"
PF dipakai BC,2026-04-13,KB-LPBD-13042026-002,PF,"CV SAMUDRA JAYA ABADI","Gatsby Water Gloss Super Hard 150Grx48",3,684684.68,2026-04-06,SJ-279-21012026-003,BC,"PT. MITRA ASIA SYNERGY"
BC dipakai PF,2026-01-26,KB-LPBD-26012026-002,BC,"CV SAMUDRA JAYA ABADI","Gatsby T-Haircream Antidandruff 216Pcsx28Gr",5,725189.19,2026-01-26,SJ-859-26012026-003,PF,"PT. RAJA IMPEX"
BC dipakai PF,2026-01-26,KB-LPBD-26012026-002,BC,"CV SAMUDRA JAYA ABADI","Gatsby T-Hair Cream Normal 96X70Gr",10,551639.64,2026-01-26,SJ-859-26012026-003,PF,"PT. RAJA IMPEX"
BC dipakai PF,2026-01-26,KB-LPBD-26012026-002,BC,"CV SAMUDRA JAYA ABADI","Gatsby T-Hair Cream-Anti Dandruff 96Pcsx70Gr",10,570234.23,2026-01-26,SJ-859-26012026-003,PF,"PT. RAJA IMPEX"
BC dipakai PF,2026-01-26,KB-LPBD-26012026-002,BC,"CV SAMUDRA JAYA ABADI","Gatsby T-Hair Cream Normal 48X120Gr",10,449369.37,2026-01-26,SJ-859-26012026-003,PF,"PT. RAJA IMPEX"
BC dipakai PF,2026-01-26,KB-LPBD-26012026-002,BC,"CV SAMUDRA JAYA ABADI","Gatsby Facewash Perfect Clean 100Grx36",15,650810.81,2026-01-26,SJ-859-26012026-003,PF,"PT. RAJA IMPEX"
BC dipakai PF,2026-01-26,KB-LPBD-26012026-002,BC,"CV SAMUDRA JAYA ABADI","Gatsby T-Hair Cream-Normal 216Pcsx28Gr",5,697297.3,2026-01-26,SJ-859-26012026-003,PF,"PT. RAJA IMPEX"
BC dipakai PF,2026-01-26,KB-LPBD-26012026-002,BC,"CV SAMUDRA JAYA ABADI","Gatsby Styling Wax Mat&Hard (Black) 96X75Gr",6,650810.81,2026-01-26,SJ-859-26012026-003,PF,"PT. RAJA IMPEX"
BC dipakai PF,2026-01-26,KB-LPBD-26012026-002,BC,"CV SAMUDRA JAYA ABADI","Gatsby Facewash Skin Triple Protection 100Grx36",58,650810.81,2026-01-26,SJ-859-26012026-003,PF,"PT. RAJA IMPEX"
BC dipakai PF,2026-01-26,KB-LPBD-26012026-002,BC,"CV SAMUDRA JAYA ABADI","Gatsby Styling Pomade Supreme Grease 80Grx48",5,1022702.7,2026-01-26,SJ-859-26012026-003,PF,"PT. RAJA IMPEX"
BC dipakai PF,2026-01-26,KB-LPBD-26012026-002,BC,"CV SAMUDRA JAYA ABADI","Gatsby Facewash Oil Control 100Grx36",33,650810.81,2026-01-26,SJ-859-26012026-003,PF,"PT. RAJA IMPEX"
BC dipakai PF,2026-01-26,KB-LPBD-26012026-002,BC,"CV SAMUDRA JAYA ABADI","Gatsby Facewash Clear Whitening 100Grx36",91,650810.81,2026-01-26,SJ-859-26012026-003,PF,"PT. RAJA IMPEX"
PF dipakai BC,2026-01-24,KB-LPB-24012026-001,PF,"LOTTE MART BINTARO","Sunlight 610Ml",500,87000,2026-01-28,SJ-946-28012026-007,BC,"PT. BHAKTI KARYA DISTRIBUSI INDONESIA"
PF dipakai BC,2026-01-25,KB-LPB-25012026-001,PF,"LOTTE MART GANDARIA CITY","Sunlight 610Ml",700,87000,2026-01-28,SJ-946-28012026-007,BC,"PT. BHAKTI KARYA DISTRIBUSI INDONESIA"
PF dipakai BC,2026-01-25,KB-LPB-25012026-001,PF,"LOTTE MART GANDARIA CITY","Sunlight 610Ml",300,87000,2026-01-28,SJ-175-28012026-006,BC,"TEDDY"
PF dipakai BC,2026-01-28,KB-LPB-28012026-005,PF,"LOTTE MART GANDARIA CITY","Sunlight 610Ml",100,87000,2026-01-29,SJ-253-29012026-002,BC,"NISA JAYA"
PF dipakai BC,2026-01-15,KB-LPBD-15012026-001,PF,"Lotte Mart Fatmawati","Sedaap Mie Soto Isi 5 5X8X75 Gr",300,86486.49,2026-01-29,SJ-974-29012026-001,BC,"PT. RANI INVESTINDO"
PF dipakai BC,2026-01-15,KB-LPBD-15012026-001,PF,"Lotte Mart Fatmawati","Sedaap Mie Goreng Isi 5 Bag 90Gr 8 X 5 X 91 Gr",499,88648.65,2026-01-30,SJ-829-30012026-006,BC,"PT. RANI INVESTINDO"
PF dipakai BC,2026-01-28,KB-LPB-28012026-005,PF,"LOTTE MART GANDARIA CITY","Sunlight 610Ml",150,87000,2026-01-30,SJ-504-30012026-009,BC,"JENNY"
PF dipakai BC,2026-01-28,KB-LPBD-28012026-006,PF,"LOTTE MART GANDARIA CITY","Sunlight 610Ml",150,78378.38,2026-01-30,SJ-504-30012026-009,BC,"JENNY"
BC dipakai PF,2026-01-30,KB-LPBD-30012026-002,BC,"Hypermart - Supermal Karawaci","Youc1000 Orange 140ML",1000,126108.11,2026-01-31,SJ-923-31012026-003,PF,"MARIANA"
PF dipakai BC,2026-01-28,KB-LPBD-28012026-006,PF,"LOTTE MART GANDARIA CITY","Sunlight 610Ml",400,78378.38,2026-01-31,SJ-396-31012026-003,BC,"NASHA"
PF dipakai BC,2026-01-20,KB-LPBD-20012026-004,PF,"KUDO TEKNOLOGI INDONESIA","Abc Kecap Pet 600Ml",100,232432.23,2026-02-02,SJ-793-02022026-005,BC,"PT. INTRADITA PROSIMPEX"
BC dipakai PF,2026-01-20,KB-LPBD-21012026-001,BC,"CV SAMUDRA JAYA ABADI","Gatsby Water Gloss Hard 48X150Gr",8,588828.83,2026-02-03,SJ-775-03022026-002,PF,"PT. RAJA IMPEX"
BC dipakai PF,2026-02-03,KB-LPBD-03022026-004,BC,"LIEFAREL MULTINIAGA LEST","Ellips Hm Mrc Volume Mrcle Sch 72X20Ml",10,381081.1,2026-02-03,SJ-489-03022026-008,PF,"PT. PUTERA MAKMUR TRADING"
BC dipakai PF,2026-01-12,KB-LPBD-20260112-001,BC,"PT LOTTE MART INDONESIA","Ellips Hair Vitamin Hair Nutri Color Jar (Ungu)",20,691891.89,2026-02-03,SJ-489-03022026-008,PF,"PT. PUTERA MAKMUR TRADING"
BC dipakai PF,2026-02-03,KB-LPBD-03022026-004,BC,"LIEFAREL MULTINIAGA LEST","Ellips Hm Mrc Nutricolor Sch 72X20Ml",10,381081.1,2026-02-03,SJ-489-03022026-008,PF,"PT. PUTERA MAKMUR TRADING"
BC dipakai PF,2026-02-03,KB-LPBD-03022026-004,BC,"LIEFAREL MULTINIAGA LEST","Ellips Hm Mrc Smth Shiny Sch 72X20Ml",10,381081.1,2026-02-03,SJ-489-03022026-008,PF,"PT. PUTERA MAKMUR TRADING"
BC dipakai PF,2026-01-06,KB-LPBD-20260107-002,BC,"PT LOTTE MART INDONESIA","Ellips Hair Vitamin Hair Nutri Color Blister (Ungu)",5,609729.73,2026-02-03,SJ-489-03022026-008,PF,"PT. PUTERA MAKMUR TRADING"
BC dipakai PF,2026-02-03,KB-LPBD-03022026-004,BC,"LIEFAREL MULTINIAGA LEST","Ellips Hm Mrc Hr Treatmnt Sch 72X20Ml",10,381081.1,2026-02-03,SJ-489-03022026-008,PF,"PT. PUTERA MAKMUR TRADING"
BC dipakai PF,2026-01-26,KB-LPBD-26012026-002,BC,"CV SAMUDRA JAYA ABADI","Gatsby Facewash Skin Triple Protection 100Grx36",10,650810.81,2026-02-03,SJ-775-03022026-002,PF,"PT. RAJA IMPEX"
BC dipakai PF,2026-01-26,KB-LPBD-26012026-002,BC,"CV SAMUDRA JAYA ABADI","Gatsby Facewash Clear Whitening 100Grx36",5,650810.81,2026-02-03,SJ-775-03022026-002,PF,"PT. RAJA IMPEX"
BC dipakai PF,2026-01-26,KB-LPBD-26012026-002,BC,"CV SAMUDRA JAYA ABADI","Gatsby Facewash Oil Control 100Grx36",5,650810.81,2026-02-03,SJ-775-03022026-002,PF,"PT. RAJA IMPEX"
BC dipakai PF,2026-01-26,KB-LPBD-26012026-002,BC,"CV SAMUDRA JAYA ABADI","Gatsby Facewash Perfect Clean 100Grx36",54,650810.81,2026-02-03,SJ-775-03022026-002,PF,"PT. RAJA IMPEX"
BC dipakai PF,2026-01-26,KB-LPBD-26012026-002,BC,"CV SAMUDRA JAYA ABADI","Gatsby Water Gloss Soft 48X150Gr",5,588828.83,2026-02-03,SJ-775-03022026-002,PF,"PT. RAJA IMPEX"
BC dipakai PF,2026-01-20,KB-LPBD-21012026-001,BC,"CV SAMUDRA JAYA ABADI","Gatsby Water Gloss Super Hard 150Grx48",7,588828.83,2026-02-03,SJ-775-03022026-002,PF,"PT. RAJA IMPEX"
BC dipakai PF,2026-01-26,KB-LPBD-26012026-002,BC,"CV SAMUDRA JAYA ABADI","Gatsby Water Gloss Super Hard 150Grx48",15,588828.83,2026-02-03,SJ-775-03022026-002,PF,"PT. RAJA IMPEX"
BC dipakai PF,2026-01-20,KB-LPBD-21012026-001,BC,"CV SAMUDRA JAYA ABADI","Gatsby Water Gloss Hyper Solid 48X150Gr",5,588828.83,2026-02-03,SJ-775-03022026-002,PF,"PT. RAJA IMPEX"
BC dipakai PF,2026-01-06,KB-LPBD-20260107-002,BC,"PT LOTTE MART INDONESIA","Ellips Hair Vitamin Smooth &  Shiny Blister (Yellow)",25,609729.73,2026-02-03,SJ-489-03022026-008,PF,"PT. PUTERA MAKMUR TRADING"
BC dipakai PF,2026-01-22,KB-LPB-22012026-001,BC,"Hypermart - Cyberpark Karawaci LKU","Ellips Hair Vitamin Hair Treatment Blister (Pink)",8,651600,2026-02-03,SJ-489-03022026-008,PF,"PT. PUTERA MAKMUR TRADING"
BC dipakai PF,2026-01-26,KB-LPB-26012026-003,BC,"HYPERMART GADING SERPONG","Ellips Hair Vitamin Hair Treatment Blister (Pink)",8,651600,2026-02-03,SJ-489-03022026-008,PF,"PT. PUTERA MAKMUR TRADING"
BC dipakai PF,2026-01-26,KB-LPB-26012026-005,BC,"PT MATAHARI PUTRA PRIMA","Ellips Hair Vitamin Hair Treatment Blister (Pink)",5,651600,2026-02-03,SJ-489-03022026-008,PF,"PT. PUTERA MAKMUR TRADING"
BC dipakai PF,2026-01-26,KB-LPB-26012026-004,BC,"HYPERMART - MALL BALE KOTA","Ellips Hair Vitamin Hair Treatment Blister (Pink)",3,651600,2026-02-03,SJ-489-03022026-008,PF,"PT. PUTERA MAKMUR TRADING"
BC dipakai PF,2026-02-03,KB-LPBD-03022026-004,BC,"LIEFAREL MULTINIAGA LEST","Ellips Hair Vitamin Hair Treatment Blister (Pink)",26,653153.2,2026-02-03,SJ-489-03022026-008,PF,"PT. PUTERA MAKMUR TRADING"
PF dipakai BC,2026-01-13,KB-LPBD-13012026-002-MIG,PF,"KUDO TEKNOLOGI INDONESIA","Abc Sambal Asli 335Ml",150,290090.09,2026-02-04,SJ-993-04022026-002,BC,"PT. INTRADITA PROSIMPEX"
BC dipakai PF,2026-01-06,KB-LPBD-20260107-002,BC,"PT LOTTE MART INDONESIA","Ellips Hair Vitamin Hair Shiny Black Blister (Hitam) 6x6x12",25,609729.73,2026-02-04,SJ-664-04022026-003,PF,"PT. PUTERA MAKMUR TRADING"
BC dipakai PF,2026-02-03,KB-LPBD-03022026-004,BC,"LIEFAREL MULTINIAGA LEST","Ellips Hair Vitamin Hair Nutri Color Jar (Ungu)",25,742792.8,2026-02-04,SJ-664-04022026-003,PF,"PT. PUTERA MAKMUR TRADING"
PF dipakai BC,2026-02-06,KB-LPB-06022026-001,PF,"HYPERMART - MALL BALE KOTA","MARJAN SIRUP COCOPANDAN 460ML",300,214992,2026-02-07,SJ-638-07022026-003,BC,"FAHMI "
PF dipakai BC,2026-02-07,KB-LPB-07022026-002,PF,"HYPERMART - MALL BALE KOTA","MARJAN SIRUP COCOPANDAN 460ML",600,214992,2026-02-07,SJ-638-07022026-003,BC,"FAHMI "
PF dipakai BC,2026-02-07,KB-LPB-07022026-002,PF,"HYPERMART - MALL BALE KOTA","MARJAN SIRUP MELON 460ML",400,214992,2026-02-07,SJ-638-07022026-003,BC,"FAHMI "
PF dipakai BC,2026-02-07,KB-LPB-07022026-002,PF,"HYPERMART - MALL BALE KOTA","MARJAN SIRUP COCOPANDAN 460ML",300,214992,2026-02-09,SJ-113-09022026-004,BC,"PT. BERKAH SIDOFAST SUKSES"
PF dipakai BC,2026-02-07,KB-LPB-07022026-002,PF,"HYPERMART - MALL BALE KOTA","MARJAN SIRUP MELON 460ML",200,214992,2026-02-10,SJ-593-10022026-016,BC,"FAHMI"
PF dipakai BC,2026-02-10,KB-LPB-10022026-002,PF,"Lotte Mart Fatmawati","Forvita Margarine 200Gr",35,267000,2026-02-10,SJ-933-10022026-017,BC,"PAK IKHLAS"
PF dipakai BC,2026-01-20,KB-LPBD-20012026-002,PF,"LIEFAREL MULTINIAGA LEST","Ellips Hair Vitamin Hair Nutri Color Blister (Ungu)",3,648000,2026-02-11,SJ-297-11022026-009,BC,"SUPRI"
PF dipakai BC,2026-01-20,KB-LPBD-20012026-002,PF,"LIEFAREL MULTINIAGA LEST","Ellips Hair Vitamin Hair Nutri Color Blister (Ungu)",5,648000,2026-02-11,SJ-157-11022026-008,BC,"SUPRI PASAR PAGI"
PF dipakai BC,2026-02-10,KB-LPB-10022026-002,PF,"Lotte Mart Fatmawati","Forvita Margarine 200Gr",500,267000,2026-02-11,SJ-564-11022026-003,BC,"PT. KARTINI SUKSES MAKMUR"
PF dipakai BC,2026-01-20,KB-LPBD-20012026-002,PF,"LIEFAREL MULTINIAGA LEST","Ellips Hair Vitamin Hair Nutri Color Blister (Ungu)",3,648000,2026-02-11,SJ-786-11022026-004,BC,"SUPRI"
PF dipakai BC,2026-02-09,KB-LPBD-09022026-006,PF,"Lotte Mart Kuningan City","Garnier Men Power White Super Duo Foam 100Ml X 12",345,227027.027,2026-02-12,SJ-347-12022026-001,BC,"PT. RAJA IMPEX"
PF dipakai BC,2026-02-09,KB-LPBD-09022026-006,PF,"Lotte Mart Kuningan City","Garnier Men Acno Fight Wasabi Foam 100Ml",189,227027.027,2026-02-12,SJ-347-12022026-001,BC,"PT. RAJA IMPEX"
PF dipakai BC,2026-02-09,KB-LPBD-09022026-006,PF,"Lotte Mart Kuningan City","GARNIER MAN ACNOFIGHT 6IN1 ANTI ACNE FOAM 100ml",675,227027.027,2026-02-12,SJ-347-12022026-001,BC,"PT. RAJA IMPEX"
PF dipakai BC,2026-02-09,KB-LPBD-09022026-006,PF,"Lotte Mart Kuningan City","Garnier Men Turbo Light Oil Control Brightening Cooling Foam 100Ml X 12",190,227027.027,2026-02-12,SJ-347-12022026-001,BC,"PT. RAJA IMPEX"
PF dipakai BC,2026-02-09,KB-LPBD-09022026-006,PF,"Lotte Mart Kuningan City","Garnier Men Turbo Light Oil Control Brightening Icy Scrub 100Ml",245,227027.027,2026-02-12,SJ-347-12022026-001,BC,"PT. RAJA IMPEX"
BC dipakai PF,2026-01-26,KB-LPB-26012026-003,BC,"HYPERMART GADING SERPONG","Ellips Hair Vitamin Hair Shiny Black Blister (Hitam) 6x6x12",8,651600,2026-02-12,SJ-637-12022026-004,PF,"PT. PANNA ESTETIKA CEMERLANG"
BC dipakai PF,2026-02-11,KB-LPB-11022026-001,BC," HYPERMART VILLA MELATI ","Ellips Hair Vitamin Hair Shiny Black Blister (Hitam) 6x6x12",3,651600,2026-02-12,SJ-637-12022026-004,PF,"PT. PANNA ESTETIKA CEMERLANG"
PF dipakai BC,2026-02-09,KB-LPBD-09022026-006,PF,"Lotte Mart Kuningan City","Garnier Bright Comp Whip Foam 100Ml",385,227027.027,2026-02-12,SJ-347-12022026-001,BC,"PT. RAJA IMPEX"
BC dipakai PF,2026-01-26,KB-LPB-26012026-004,BC,"HYPERMART - MALL BALE KOTA","Ellips Hair Vitamin Smooth &  Shiny Blister (Yellow)",2,651611,2026-02-12,SJ-637-12022026-004,PF,"PT. PANNA ESTETIKA CEMERLANG"
BC dipakai PF,2026-01-26,KB-LPB-26012026-003,BC,"HYPERMART GADING SERPONG","Ellips Hair Vitamin Smooth &  Shiny Blister (Yellow)",7,651600,2026-02-12,SJ-637-12022026-004,PF,"PT. PANNA ESTETIKA CEMERLANG"
BC dipakai PF,2026-02-03,KB-LPBD-03022026-004,BC,"LIEFAREL MULTINIAGA LEST","Ellips Hair Vitamin Smooth &  Shiny Blister (Yellow)",25,653153.2,2026-02-12,SJ-637-12022026-004,PF,"PT. PANNA ESTETIKA CEMERLANG"
BC dipakai PF,2026-02-11,KB-LPB-11022026-001,BC," HYPERMART VILLA MELATI ","Ellips Hair Vitamin Smooth &  Shiny Blister (Yellow)",2,651600,2026-02-12,SJ-637-12022026-004,PF,"PT. PANNA ESTETIKA CEMERLANG"
BC dipakai PF,2026-01-22,KB-LPB-22012026-001,BC,"Hypermart - Cyberpark Karawaci LKU","Ellips Hair Vitamin Hair Nutri Color Blister (Ungu)",6,651600,2026-02-12,SJ-637-12022026-004,PF,"PT. PANNA ESTETIKA CEMERLANG"
BC dipakai PF,2026-01-26,KB-LPB-26012026-005,BC,"PT MATAHARI PUTRA PRIMA","Ellips Hair Vitamin Hair Nutri Color Blister (Ungu)",4,651600,2026-02-12,SJ-637-12022026-004,PF,"PT. PANNA ESTETIKA CEMERLANG"
BC dipakai PF,2026-01-26,KB-LPB-26012026-003,BC,"HYPERMART GADING SERPONG","Ellips Hair Vitamin Hair Nutri Color Blister (Ungu)",2,651600,2026-02-12,SJ-637-12022026-004,PF,"PT. PANNA ESTETIKA CEMERLANG"
BC dipakai PF,2026-02-03,KB-LPBD-03022026-004,BC,"LIEFAREL MULTINIAGA LEST","Ellips Hair Vitamin Hair Treatment Blister (Pink)",7,653153.2,2026-02-12,SJ-637-12022026-004,PF,"PT. PANNA ESTETIKA CEMERLANG"
BC dipakai PF,2026-02-11,KB-LPB-11022026-001,BC," HYPERMART VILLA MELATI ","Ellips Hair Vitamin Hair Treatment Blister (Pink)",5,651600,2026-02-12,SJ-637-12022026-004,PF,"PT. PANNA ESTETIKA CEMERLANG"
PF dipakai BC,2026-02-09,KB-LPBD-09022026-006,PF,"Lotte Mart Kuningan City","Garnier Sakura White Wf 100Ml",200,227027.027,2026-02-12,SJ-347-12022026-001,BC,"PT. RAJA IMPEX"
PF dipakai BC,2026-02-12,KB-LPBD-12022026-004,PF,"CV SAMUDRA JAYA ABADI","Gatsby Urban Cologne Dignity 48X125Ml",8,604324.324,2026-02-13,SJ-121-13022026-001,BC,"PT. MITRA ASIA SYNERGY"
PF dipakai BC,2026-02-11,KB-LPB-11022026-002,PF,"Lotte Mart Fatmawati","Forvita Margarine 200Gr",100,267000,2026-02-13,SJ-103-13022026-004,BC,"YUDI CAKUNG "
PF dipakai BC,2026-02-11,KB-LPB-11022026-002,PF,"Lotte Mart Fatmawati","Forvita Margarine 200Gr",100,267000,2026-02-13,SJ-580-13022026-005,BC,"IBU LIA"
PF dipakai BC,2026-02-12,KB-LPBD-12022026-004,PF,"CV SAMUDRA JAYA ABADI","Gatsby Urban Cologne Attractive 48X125Ml",12,604324.324,2026-02-13,SJ-121-13022026-001,BC,"PT. MITRA ASIA SYNERGY"
PF dipakai BC,2026-02-12,KB-LPBD-12022026-004,PF,"CV SAMUDRA JAYA ABADI","Gatsby Urban Cologne Intention 48X125Ml",24,604324.324,2026-02-13,SJ-121-13022026-001,BC,"PT. MITRA ASIA SYNERGY"
PF dipakai BC,2026-02-12,KB-LPBD-12022026-004,PF,"CV SAMUDRA JAYA ABADI","Gatsby Urban Cologne Confidence 48X125Ml",20,604324.324,2026-02-13,SJ-121-13022026-001,BC,"PT. MITRA ASIA SYNERGY"
PF dipakai BC,2026-02-12,KB-LPBD-12022026-004,PF,"CV SAMUDRA JAYA ABADI","Gatsby Urban Cologne Energy 48X125Ml",24,604324.324,2026-02-13,SJ-121-13022026-001,BC,"PT. MITRA ASIA SYNERGY"
PF dipakai BC,2026-02-12,KB-LPBD-12022026-004,PF,"CV SAMUDRA JAYA ABADI","PUCELLE EAU DE LUXE COLOGNE VICTRESS 100ML",20,588828.828,2026-02-13,SJ-121-13022026-001,BC,"PT. MITRA ASIA SYNERGY"
PF dipakai BC,2026-02-12,KB-LPBD-12022026-004,PF,"CV SAMUDRA JAYA ABADI","Pucelle De Luxe Body Spray Azure 150 Ml X 48",8,759279.279,2026-02-13,SJ-121-13022026-001,BC,"PT. MITRA ASIA SYNERGY"
PF dipakai BC,2026-02-12,KB-LPBD-12022026-004,PF,"CV SAMUDRA JAYA ABADI","Pucelle De Luxe Body Spray Dainity 150 Ml X 48",8,759279.279,2026-02-13,SJ-121-13022026-001,BC,"PT. MITRA ASIA SYNERGY"
PF dipakai BC,2026-02-12,KB-LPBD-12022026-004,PF,"CV SAMUDRA JAYA ABADI","Pucelle De Luxe Body Spray Finesse 150 Ml X 48",4,759279.279,2026-02-13,SJ-121-13022026-001,BC,"PT. MITRA ASIA SYNERGY"
PF dipakai BC,2026-02-12,KB-LPBD-12022026-004,PF,"CV SAMUDRA JAYA ABADI","Pucelle De Luxe Body Spray Glitzy 150 Ml X 48",8,759279.279,2026-02-13,SJ-121-13022026-001,BC,"PT. MITRA ASIA SYNERGY"
PF dipakai BC,2026-02-12,KB-LPBD-12022026-004,PF,"CV SAMUDRA JAYA ABADI","Pucelle De Luxe Body Spray Victress 150 Ml X 48",8,759279.279,2026-02-13,SJ-121-13022026-001,BC,"PT. MITRA ASIA SYNERGY"
PF dipakai BC,2026-02-12,KB-LPBD-12022026-004,PF,"CV SAMUDRA JAYA ABADI","Pucelle Eau De Luxe Cologne Azure 100ml ",20,588828.828,2026-02-13,SJ-121-13022026-001,BC,"PT. MITRA ASIA SYNERGY"
PF dipakai BC,2026-02-12,KB-LPBD-12022026-004,PF,"CV SAMUDRA JAYA ABADI","PUCELLE EAU DE LUXE COLOGNE LUCENT",10,588828.828,2026-02-13,SJ-121-13022026-001,BC,"PT. MITRA ASIA SYNERGY"
PF dipakai BC,2026-02-12,KB-LPBD-12022026-004,PF,"CV SAMUDRA JAYA ABADI","PUCELLE EAU DE LUXE COLOGNE DAINTY 100ML",20,588828.828,2026-02-13,SJ-121-13022026-001,BC,"PT. MITRA ASIA SYNERGY"
PF dipakai BC,2026-02-12,KB-LPBD-12022026-004,PF,"CV SAMUDRA JAYA ABADI","PUCELLE EAU DE LUXE COLOGNE FINESS 100ML",20,588828.828,2026-02-13,SJ-121-13022026-001,BC,"PT. MITRA ASIA SYNERGY"
PF dipakai BC,2026-02-12,KB-LPBD-12022026-004,PF,"CV SAMUDRA JAYA ABADI","PUCELLE EAU DE LUXE COLOGNE GLITZY 100ml",20,588828.828,2026-02-13,SJ-121-13022026-001,BC,"PT. MITRA ASIA SYNERGY"
PF dipakai BC,2026-02-05,KB-LPBD-05022026-002,PF,"Jenindo Prakarsa Jati Asih , Bekasi","Blue Band Serbaguna 200G",1,414175.676,2026-02-13,SJ-608-13022026-012,BC,"MARIANA"
PF dipakai BC,2026-02-13,KB-LPB-13022026-002,PF,"Jenindo Prakarsa Jati Asih , Bekasi","Blue Band Serbaguna 200G",349,460000,2026-02-13,SJ-608-13022026-012,BC,"MARIANA"
PF dipakai BC,2026-01-13,KB-LPBD-13012026-001-MIG,PF,"PT. Cahaya Karang Kencana","Milo Uht Milk 36X110Ml",225,141441.44,2026-02-14,SJ-211-14022026-002,BC,"PT. MITRA ASIA SYNERGY"
PF dipakai BC,2026-02-14,KB-LPB-14022026-002,PF,"Lotte Mart Fatmawati","Forvita Margarine 200Gr",50,267000,2026-02-14,SJ-839-14022026-007,BC,"JAELANI "
BC dipakai PF,2026-02-14,KB-LPBD-14022026-003,BC,"PT INTI CAKRAWALA CITRA","Kecap Bango 1.525 Kg",100,162162.2,2026-02-18,SJ-738-18022026-009,PF,"PT. BHAKTI KARYA DISTRIBUSI INDONESIA"
BC dipakai PF,2026-02-18,KB-LPBD-18022026-006,BC,"PT Tulus Maju Sukabumi","Kecap Bango 1.525 Kg",398,228439.9,2026-02-18,SJ-738-18022026-009,PF,"PT. BHAKTI KARYA DISTRIBUSI INDONESIA"
PF dipakai BC,2026-02-12,KB-LPBD-12022026-001,PF,"LIEFAREL MULTINIAGA LEST","Ellips Hair Vitamin Hair Treatment Blister (Pink)",6,9099.099,2026-02-19,SJ-538-19022026-005,BC,"SUPRI"
BC dipakai PF,2026-02-13,KB-LPB-13022026-004,BC,"Hypermart - Supermal Karawaci","SASA MSG (PENYEDAP RASA) 500GR",300,528000,2026-02-19,SJ-570-19022026-002,PF,"MARIYANA"
PF dipakai BC,2026-02-12,KB-LPBD-12022026-001,PF,"LIEFAREL MULTINIAGA LEST","Ellips Hair Vitamin Hair Shiny Black Blister (Hitam) 6x6x12",4,9099.099,2026-02-19,SJ-538-19022026-005,BC,"SUPRI"
PF dipakai BC,2026-02-19,KB-LPB-19022026-001,PF,"Lotte Mart Fatmawati","Forvita Margarine 200Gr",115,267000,2026-02-20,SJ-535-20022026-003,BC,"KURNIAWAN"
PF dipakai BC,2026-02-13,KB-LPBD-13022026-004,PF,"PT INTI CAKRAWALA CITRA","Good Day Cappucino 30 x 6 x 25GR",100,231531.53,2026-02-23,SJ-295-23022026-003,BC,"PT. INTRADITA PROSIMPEX"
BC dipakai PF,2026-02-23,KB-LPBD-23022026-006,BC,"PT SAYAP MAS UTAMA","FLORIDINA ORANGE 350ML",1000,25540.54,2026-02-24,SJ-150-24022026-003,PF,"PT. RAJA IMPEX"
BC dipakai PF,2026-01-14,KB-LPBD-14012026-006,BC,"PT INTI CAKRAWALA CITRA","Nescafe Kopi Classic 10X(60X2Gr)",350,603603.604,2026-02-24,SJ-855-24022026-004,PF,"PT. RAJA IMPEX"
PF dipakai BC,2026-02-03,KB-LPBD-03022026-003,PF,"CV SAMUDRA JAYA ABADI","Gatsby Facewash Oil Control 100Grx36",5,647027.027,2026-02-25,SJ-920-25022026-007,BC,"PT. RAJA IMPEX"
PF dipakai BC,2026-02-27,KB-LPBD-27022026-002,PF,"CV SAMUDRA JAYA ABADI","Gatsby Facewash Oil Control 100Grx36",15,650810.8,2026-02-25,SJ-920-25022026-007,BC,"PT. RAJA IMPEX"
PF dipakai BC,2026-02-03,KB-LPBD-03022026-003,PF,"CV SAMUDRA JAYA ABADI","Gatsby Facewash Skin Triple Protection 100Grx36",10,647027.027,2026-02-25,SJ-920-25022026-007,BC,"PT. RAJA IMPEX"
PF dipakai BC,2026-02-27,KB-LPBD-27022026-002,PF,"CV SAMUDRA JAYA ABADI","Gatsby Facewash Skin Triple Protection 100Grx36",20,650810.8,2026-02-25,SJ-920-25022026-007,BC,"PT. RAJA IMPEX"
PF dipakai BC,2026-02-27,KB-LPBD-27022026-002,PF,"CV SAMUDRA JAYA ABADI","Gatsby Styling Wax Mat&Hard (Black) 96X75Gr",6,1332613,2026-02-25,SJ-920-25022026-007,BC,"PT. RAJA IMPEX"
PF dipakai BC,2026-01-08,KB-LPBD-20260108-005,PF,"CV SAMUDRA JAYA ABADI","Gatsby Styling Wax Power&Spike (Red) 96X75Gr",4,1332612.61,2026-02-25,SJ-920-25022026-007,BC,"PT. RAJA IMPEX"
PF dipakai BC,2026-02-27,KB-LPBD-27022026-002,PF,"CV SAMUDRA JAYA ABADI","Gatsby Styling Wax Power&Spike (Red) 96X75Gr",1,1332613,2026-02-25,SJ-920-25022026-007,BC,"PT. RAJA IMPEX"
PF dipakai BC,2026-02-03,KB-LPBD-03022026-003,PF,"CV SAMUDRA JAYA ABADI","Gatsby Water Gloss Soft 48X150Gr",10,585405.405,2026-02-25,SJ-920-25022026-007,BC,"PT. RAJA IMPEX"
PF dipakai BC,2026-02-27,KB-LPBD-27022026-002,PF,"CV SAMUDRA JAYA ABADI","Gatsby T-Hair Cream Normal 48X120Gr",15,449369.4,2026-02-25,SJ-920-25022026-007,BC,"PT. RAJA IMPEX"
PF dipakai BC,2026-02-03,KB-LPBD-03022026-003,PF,"CV SAMUDRA JAYA ABADI","Gatsby Facewash Perfect Clean 100Grx36",20,647027.027,2026-02-25,SJ-920-25022026-007,BC,"PT. RAJA IMPEX"
PF dipakai BC,2026-02-16,KB-LPBD-16022026-001,PF,"PT INTI CAKRAWALA CITRA","Abc Kecap Pet 600Ml",183,215019.94,2026-02-25,SJ-122-25022026-002,BC,"PT. INTRADITA PROSIMPEX"
PF dipakai BC,2026-02-27,KB-LPBD-27022026-002,PF,"CV SAMUDRA JAYA ABADI","Gatsby Water Gloss Ultimate Hold <Tube> 48X150Gr",15,588828.8,2026-02-25,SJ-920-25022026-007,BC,"PT. RAJA IMPEX"
PF dipakai BC,2026-02-03,KB-LPBD-03022026-003,PF,"CV SAMUDRA JAYA ABADI","Gatsby Water Gloss Super Hard 150Grx48",10,585405.405,2026-02-25,SJ-920-25022026-007,BC,"PT. RAJA IMPEX"
PF dipakai BC,2026-02-03,KB-LPBD-03022026-001,PF,"PT. Lina Jaya Mart","Nescafe Coffee Ready To Drink Black 220Ml",50,104504.504,2026-02-25,SJ-411-25022026-003,BC,"PT. RANI INVESTINDO"
PF dipakai BC,2026-01-19,KB-LPBD-19012026-008,PF,"CV SAMUDRA JAYA ABADI","Gatsby Water Gloss Hyper Solid 36X300Gr",10,588828.83,2026-02-25,SJ-920-25022026-007,BC,"PT. RAJA IMPEX"
BC dipakai PF,2026-02-25,KB-LPBD-25022026-002,BC,"Jenindo Prakarsa Jati Asih , Bekasi","Blue Band Serbaguna 200G",499,414175.81,2026-02-25,SJ-264-25022026-007,PF,"FAHMI"
PF dipakai BC,2026-02-12,KB-LPBD-12022026-005,PF,"CV SAMUDRA JAYA ABADI","Gatsby T-Hair Cream Normal 36X245Gr",5,488108.1,2026-02-25,SJ-920-25022026-007,BC,"PT. RAJA IMPEX"
PF dipakai BC,2026-02-03,KB-LPBD-03022026-003,PF,"CV SAMUDRA JAYA ABADI","Gatsby Water Gloss Hard 48X150Gr",10,585405.405,2026-02-25,SJ-920-25022026-007,BC,"PT. RAJA IMPEX"
PF dipakai BC,2026-02-03,KB-LPBD-03022026-003,PF,"CV SAMUDRA JAYA ABADI","Gatsby Facewash Clear Whitening 100Grx36",5,647027.027,2026-02-25,SJ-920-25022026-007,BC,"PT. RAJA IMPEX"
PF dipakai BC,2026-02-27,KB-LPBD-27022026-002,PF,"CV SAMUDRA JAYA ABADI","Gatsby Facewash Clear Whitening 100Grx36",15,650810.8,2026-02-25,SJ-920-25022026-007,BC,"PT. RAJA IMPEX"
PF dipakai BC,2026-01-22,KB-LPB-22012026-004,PF,"PT SEKAR WANGI ADA PERKASA","Richeese Nabati Wafer Cokelat Kaleng 287g",300,19500,2026-02-26,SJ-715-26022026-003,BC,"BU RAHMA"
PF dipakai BC,2026-01-22,KB-LPB-22012026-004,PF,"PT SEKAR WANGI ADA PERKASA","Richeese Nabati Wafer Keju Kaleng 287g",150,19500,2026-02-26,SJ-715-26022026-003,BC,"BU RAHMA"
BC dipakai PF,2026-02-13,KB-LPB-13022026-004,BC,"Hypermart - Supermal Karawaci","Sasa Msg 1Kg",150,488400,2026-02-26,SJ-691-26022026-001,PF,"MARIYANA"
PF dipakai BC,2026-01-21,KB-LPB-21012026-003,PF,"PT SEKAR WANGI ADA PERKASA","Nabati Wafer Pink Lava",10,117000,2026-02-26,SJ-715-26022026-003,BC,"BU RAHMA"
PF dipakai BC,2026-02-25,KB-LPB-25022026-004,PF,"PT SEKAR WANGI ADA PERKASA","Nabati Wafer Pink Lava",40,79200,2026-02-26,SJ-715-26022026-003,BC,"BU RAHMA"
PF dipakai BC,2026-02-12,KB-LPBD-12022026-001,PF,"LIEFAREL MULTINIAGA LEST","Ellips Hair Vitamin Hair Shiny Black Blister (Hitam) 6x6x12",10,9099.099,2026-02-26,SJ-179-26022026-011,BC,"SUPRI"
PF dipakai BC,2026-02-12,KB-LPBD-12022026-001,PF,"LIEFAREL MULTINIAGA LEST","Ellips Hair Vitamin Hair Treatment Blister (Pink)",6,9099.099,2026-02-26,SJ-179-26022026-011,BC,"SUPRI"
PF dipakai BC,2026-02-12,KB-LPBD-12022026-001,PF,"LIEFAREL MULTINIAGA LEST","Ellips Hair Vitamin Smooth &  Shiny Blister (Yellow)",7,9099.099,2026-02-26,SJ-179-26022026-011,BC,"SUPRI"
BC dipakai PF,2026-02-16,KB-LPB-16022026-002,BC,"HYPERMART - MALL BALE KOTA","MARJAN SIRUP MELON 460ML",250,214992,2026-02-27,SJ-538-27022026-002,PF,"PT. BHAKTI KARYA DISTRIBUSI INDONESIA"
BC dipakai PF,2026-02-13,KB-LPB-09042026-001,BC,"HYPERMART - MALL BALE KOTA","MARJAN SIRUP COCOPANDAN 460ML",306,215000,2026-02-27,SJ-538-27022026-002,PF,"PT. BHAKTI KARYA DISTRIBUSI INDONESIA"
BC dipakai PF,2026-02-16,KB-LPB-16022026-002,BC,"HYPERMART - MALL BALE KOTA","MARJAN SIRUP COCOPANDAN 460ML",150,214992,2026-02-27,SJ-538-27022026-002,PF,"PT. BHAKTI KARYA DISTRIBUSI INDONESIA"
BC dipakai PF,2026-01-21,KB-LPBD-21012026-004,BC,"INDOGROSIR CIKOKOL","Minyak Goreng Bimoli 5L",500,353153.15,2026-02-27,SJ-971-27022026-003,PF,"PT. FORTUNE REEF ZONA"
BC dipakai PF,2026-02-13,KB-LPB-13022026-004,BC,"Hypermart - Supermal Karawaci","Sasa Msg 1Kg",150,488400,2026-02-28,SJ-244-28022026-003,PF,"MARIYANA"
PF dipakai BC,2026-02-12,KB-LPBD-12022026-001,PF,"LIEFAREL MULTINIAGA LEST","Ellips Hair Vitamin Hair Shiny Black Blister (Hitam) 6x6x12",5,9099.099,2026-02-28,SJ-573-28022026-002,BC,"MR WONG"
PF dipakai BC,2026-02-12,KB-LPBD-12022026-001,PF,"LIEFAREL MULTINIAGA LEST","Ellips Hair Vitamin Smooth &  Shiny Blister (Yellow)",5,9099.099,2026-02-28,SJ-573-28022026-002,BC,"MR WONG"
PF dipakai BC,2026-03-11,KB-LPBD-20260312-002-DUP,PF,"PT SEKAR WANGI ADA PERKASA","Pop Mie Goreng Rasa Indomie (12 Cup)",100,40540.54,2026-03-12,SJ-962-12032026-001,BC,"PT. RAJA IMPEX"
PF dipakai BC,2026-03-09,KB-LPB-20260310-003,PF,"PT LOTTE MART INDONESIA","Lifebouy Shampoo Anti Dandruff 680Ml",400,245004,2026-03-12,SJ-577-11032026-002,BC,"MR HAN"
PF dipakai BC,2026-02-12,KB-LPBD-12022026-001,PF,"LIEFAREL MULTINIAGA LEST","Ellips Hair Vitamin Hair Nutri Color Blister (Ungu)",36,9099.099,2026-03-13,SJ-245-13032026-004,BC,"PT. DIZA AISHWARYA GLOBAL"
PF dipakai BC,2026-03-16,KB-LPBD-20260316-001,PF,"LIEFAREL MULTINIAGA LEST","Ellips Hair Vitamin Hair Nutri Color Blister (Ungu)",40,658640.54,2026-03-13,SJ-245-13032026-004,BC,"PT. DIZA AISHWARYA GLOBAL"
PF dipakai BC,2026-03-17,KB-LPBD-17032026-001,PF,"LIEFAREL MULTINIAGA LEST","Ellips Hair Vitamin Hair Nutri Color Blister (Ungu)",29,658640.54,2026-03-13,SJ-245-13032026-004,BC,"PT. DIZA AISHWARYA GLOBAL"
PF dipakai BC,2026-02-27,KB-LPBD-27022026-002,PF,"CV SAMUDRA JAYA ABADI","Gatsby Facewash Skin Triple Protection 100Grx36",10,650810.8,2026-03-13,SJ-245-13032026-004,BC,"PT. DIZA AISHWARYA GLOBAL"
PF dipakai BC,2026-03-01,KB-LPBD-20260302001,PF,"CV SAMUDRA JAYA ABADI","Gatsby Facewash Skin Triple Protection 100Grx36",40,650810.81,2026-03-13,SJ-245-13032026-004,BC,"PT. DIZA AISHWARYA GLOBAL"
PF dipakai BC,2026-03-04,KB-LPBD-20260304-008,PF,"CV SAMUDRA JAYA ABADI","Gatsby Facewash Skin Triple Protection 100Grx36",25,650810.81,2026-03-13,SJ-245-13032026-004,BC,"PT. DIZA AISHWARYA GLOBAL"
PF dipakai BC,2026-03-04,KB-LPBD-20260304-009,PF,"CV SAMUDRA JAYA ABADI","Gatsby Facewash Skin Triple Protection 100Grx36",10,650810.81,2026-03-13,SJ-245-13032026-004,BC,"PT. DIZA AISHWARYA GLOBAL"
PF dipakai BC,2026-03-04,KB-LPBD-20260305-002,PF,"CV SAMUDRA JAYA ABADI","Gatsby Facewash Skin Triple Protection 100Grx36",65,650810.81,2026-03-13,SJ-245-13032026-004,BC,"PT. DIZA AISHWARYA GLOBAL"
PF dipakai BC,2026-03-09,KB-LPBD-20260312-006,PF,"KUDO TEKNOLOGI INDONESIA","Abc Extra Pedas Botol 335Ml",50,290090.09,2026-03-13,SJ-245-13032026-004,BC,"PT. DIZA AISHWARYA GLOBAL"
PF dipakai BC,2026-02-03,KB-LPBD-03022026-003,PF,"CV SAMUDRA JAYA ABADI","Gatsby Facewash Perfect Clean 100Grx36",34,647027.027,2026-03-13,SJ-245-13032026-004,BC,"PT. DIZA AISHWARYA GLOBAL"
PF dipakai BC,2026-02-27,KB-LPBD-27022026-002,PF,"CV SAMUDRA JAYA ABADI","Gatsby Facewash Perfect Clean 100Grx36",20,650810.8,2026-03-13,SJ-245-13032026-004,BC,"PT. DIZA AISHWARYA GLOBAL"
PF dipakai BC,2026-03-01,KB-LPBD-20260302001,PF,"CV SAMUDRA JAYA ABADI","Gatsby Facewash Perfect Clean 100Grx36",40,650810.81,2026-03-13,SJ-245-13032026-004,BC,"PT. DIZA AISHWARYA GLOBAL"
PF dipakai BC,2026-03-04,KB-LPBD-20260305-002,PF,"CV SAMUDRA JAYA ABADI","Gatsby Facewash Perfect Clean 100Grx36",56,650810.81,2026-03-13,SJ-245-13032026-004,BC,"PT. DIZA AISHWARYA GLOBAL"
PF dipakai BC,2026-02-27,KB-LPBD-27022026-002,PF,"CV SAMUDRA JAYA ABADI","Gatsby Facewash Clear Whitening 100Grx36",5,650810.8,2026-03-13,SJ-245-13032026-004,BC,"PT. DIZA AISHWARYA GLOBAL"
PF dipakai BC,2026-03-01,KB-LPBD-20260302001,PF,"CV SAMUDRA JAYA ABADI","Gatsby Facewash Clear Whitening 100Grx36",40,650810.81,2026-03-13,SJ-245-13032026-004,BC,"PT. DIZA AISHWARYA GLOBAL"
PF dipakai BC,2026-03-04,KB-LPBD-20260304-009,PF,"CV SAMUDRA JAYA ABADI","Gatsby Facewash Clear Whitening 100Grx36",10,650810.81,2026-03-13,SJ-245-13032026-004,BC,"PT. DIZA AISHWARYA GLOBAL"
PF dipakai BC,2026-03-04,KB-LPBD-20260304-008,PF,"CV SAMUDRA JAYA ABADI","Gatsby Facewash Clear Whitening 100Grx36",5,650810.81,2026-03-13,SJ-245-13032026-004,BC,"PT. DIZA AISHWARYA GLOBAL"
PF dipakai BC,2026-02-04,KB-LPBD-04022026-005,PF,"LIEFAREL MULTINIAGA LEST","Ellips Hair Vitamin Hair Nutri Color Jar (Ungu)",35,742792.792,2026-03-13,SJ-245-13032026-004,BC,"PT. DIZA AISHWARYA GLOBAL"
PF dipakai BC,2026-02-12,KB-LPBD-12022026-001,PF,"LIEFAREL MULTINIAGA LEST","Ellips Hair Vitamin Hair Nutri Color Jar (Ungu)",5,745045.045,2026-03-13,SJ-245-13032026-004,BC,"PT. DIZA AISHWARYA GLOBAL"
PF dipakai BC,2026-04-02,KB-LPB-02042026-002,PF,"HYPERMART - MALL CIPUTRA CIBUBUR","Ellips Hair Vitamin Hair Nutri Color Jar (Ungu)",1,756000,2026-03-13,SJ-245-13032026-004,BC,"PT. DIZA AISHWARYA GLOBAL"
PF dipakai BC,2026-02-27,KB-LPBD-27022026-002,PF,"CV SAMUDRA JAYA ABADI","Gatsby Facewash Oil Control 100Grx36",5,650810.8,2026-03-14,SJ-697-14032026-004,BC,"PT. DIZA AISHWARYA GLOBAL"
PF dipakai BC,2026-03-01,KB-LPBD-20260302001,PF,"CV SAMUDRA JAYA ABADI","Gatsby Facewash Oil Control 100Grx36",30,650810.81,2026-03-14,SJ-697-14032026-004,BC,"PT. DIZA AISHWARYA GLOBAL"
PF dipakai BC,2026-03-04,KB-LPBD-20260304-009,PF,"CV SAMUDRA JAYA ABADI","Gatsby Facewash Oil Control 100Grx36",10,650810.81,2026-03-14,SJ-697-14032026-004,BC,"PT. DIZA AISHWARYA GLOBAL"
PF dipakai BC,2026-03-04,KB-LPBD-20260304-008,PF,"CV SAMUDRA JAYA ABADI","Gatsby Facewash Oil Control 100Grx36",15,650810.81,2026-03-14,SJ-697-14032026-004,BC,"PT. DIZA AISHWARYA GLOBAL"
PF dipakai BC,2026-03-04,KB-LPBD-20260305003,PF," HYPERMART VILLA MELATI ","Bye Bye Fever Kids",20,1448648.65,2026-03-16,SJ-768-08012026-001,BC,"SUPRI"
PF dipakai BC,2026-03-04,KB-LPBD-20260305003,PF," HYPERMART VILLA MELATI ","Bye Bye Fever Baby",20,1037837.84,2026-03-16,SJ-768-08012026-001,BC,"SUPRI"
PF dipakai BC,2026-03-01,KB-LPBD-20260302003,PF,"PT LOTTE MART INDONESIA","LISTERINE MW MULTI PROTECT ZERO 250ML",50,343783.79,2026-03-16,SJ-323-02032026-002,BC,"PT. Lina Jaya Mart"
PF dipakai BC,2026-02-12,KB-LPBD-12022026-001,PF,"LIEFAREL MULTINIAGA LEST","Ellips Hair Vitamin Hair Shiny Black Blister (Hitam) 6x6x12",17,9099.099,2026-03-16,SJ-470-14012026-001,BC,"AHOK"
PF dipakai BC,2026-02-12,KB-LPBD-12022026-001,PF,"LIEFAREL MULTINIAGA LEST","Ellips Hair Vitamin Smooth &  Shiny Blister (Yellow)",24,9099.099,2026-03-16,SJ-470-14012026-001,BC,"AHOK"
PF dipakai BC,2026-03-17,KB-LPBD-17032026-001,PF,"LIEFAREL MULTINIAGA LEST","Ellips Hair Vitamin Hair Nutri Color Blister (Ungu)",5,658640.54,2026-03-16,SJ-470-14012026-001,BC,"AHOK"
PF dipakai BC,2026-02-24,KB-LPBD-24022026-003,PF,"PT. Cahaya Karang Kencana","Nescafe Kopi Classic 10X(60X2Gr)",250,625855.856,2026-03-17,SJ-840-03032026-010,BC,"PT. RAJA IMPEX"
BC dipakai PF,2026-01-20,KB-LPBD-21012026-001,BC,"CV SAMUDRA JAYA ABADI","Gatsby Water Gloss Super Hard 96X75Gr",10,619819.82,2026-03-30,SJ-949-06032026-006,PF,"PT. RAJA IMPEX"
BC dipakai PF,2026-01-26,KB-LPBD-26012026-002,BC,"CV SAMUDRA JAYA ABADI","Gatsby Water Gloss Super Hard 96X75Gr",5,619819.82,2026-03-30,SJ-949-06032026-006,PF,"PT. RAJA IMPEX"
PF dipakai BC,2026-01-22,KB-LPBD-22012026-006,PF,"PT. Valent Ternama Didepan","Kopi Kapal Api Spesial Mix Bag 6X20X23Gr",30,173873.87,2026-03-30,SJ-645-09032026-001,BC,"PT. MITRA ASIA SYNERGY"
BC dipakai PF,2026-02-27,KB-LPB-27022026-003,BC,"HYPERMART CITRA RAYA","Fanta Strawberry Pet 1500Ml",583,114000,2026-03-30,SJ-835-07032026-002,PF,"THORIQ"
BC dipakai PF,2026-01-28,KB-LPB-28012026-008,BC,"LOTTE MART GANDARIA CITY","Sunlight 610Ml",850,87000,2026-03-30,SJ-541-27032026-001,PF,"JARWO"
BC dipakai PF,2026-01-28,KB-LPB-28012026-008,BC,"LOTTE MART GANDARIA CITY","Sunlight 610Ml",450,87000,2026-03-30,SJ-400-27032026-002,PF,"PAK AAN "
BC dipakai PF,2026-01-28,KB-LPB-28012026-008,BC,"LOTTE MART GANDARIA CITY","Sunlight 610Ml",200,87000,2026-03-30,SJ-941-30032026-003,PF,"PT.INDOZAN GLOBAL INTERNASIONAL"
BC dipakai PF,2026-01-28,KB-LPB-28012026-008,BC,"LOTTE MART GANDARIA CITY","Sunlight 610Ml",150,87000,2026-03-30,SJ-290-30032026-004,PF,"PT. MAJU JAYA TRADING"
BC dipakai PF,2026-06-11,KB-LPBD-10062026-012,BC,"PT PANJUNAN","DETTOL SOAP COOL 24 banded x 6pcs x 100gr",1,545045.045,2026-06-22,SJ-698-22062026-013,PF,"MITRA BELANJA (RETAIL)"
BC dipakai PF,2026-03-12,KB-LPBD-20260313-005,BC,"PT LOTTE MART INDONESIA","Gatsby Facewash Skin Triple Protection 100Grx36",25,600000,2026-03-31,SJ-903-31032026-001,PF,"PT. SINAR KARUNIA SEJAHTERA"
BC dipakai PF,2026-06-24,KB-LPBD-24062026-005,BC,"Lotte Mart Fatmawati","Mie Sedaap Cup Rawit Bingit ( ayam jerit ) 12x75gr",50,39459.459,2026-06-30,SJ-286-26062026-002,PF,"PT. INTRADITA PROSIMPEX"
BC dipakai PF,2026-06-24,KB-LPBD-24062026-005,BC,"Lotte Mart Fatmawati","MIE SEDAAP CUP  KOREAN SPICY SOUP  12x75gr",5,41891.891,2026-06-30,SJ-286-26062026-002,PF,"PT. INTRADITA PROSIMPEX"
BC dipakai PF,2026-06-24,KB-LPBD-24062026-005,BC,"Lotte Mart Fatmawati","Mie Sedaap Cup Goreng 12X81Gr",40,41891.891,2026-06-30,SJ-286-26062026-002,PF,"PT. INTRADITA PROSIMPEX"
BC dipakai PF,2026-06-06,KB-LPBD-06062026-005,BC,"Hypermart - Cyberpark Karawaci LKU","Sedaap Mie Goreng Isi 5 Bag 90Gr 8 X 5 X 91 Gr",51,86846.846,2026-06-30,SJ-286-26062026-002,PF,"PT. INTRADITA PROSIMPEX"
BC dipakai PF,2026-06-24,KB-LPBD-24062026-005,BC,"Lotte Mart Fatmawati","Sedaap Mie Goreng Isi 5 Bag 90Gr 8 X 5 X 91 Gr",1,88648.648,2026-06-30,SJ-286-26062026-002,PF,"PT. INTRADITA PROSIMPEX"
BC dipakai PF,2026-06-05,KB-LPBD-05062026-006,BC,"LOTTE MART BINTARO","MIE SEDAAP KOREAN SPICY 40x87GR",9,93693.693,2026-06-30,SJ-286-26062026-002,PF,"PT. INTRADITA PROSIMPEX"
BC dipakai PF,2026-06-24,KB-LPBD-24062026-005,BC,"Lotte Mart Fatmawati","MIE SEDAAP KOREAN SPICY 40x87GR",51,94774.774,2026-06-30,SJ-286-26062026-002,PF,"PT. INTRADITA PROSIMPEX"
BC dipakai PF,2026-06-24,KB-LPBD-24062026-005,BC,"Lotte Mart Fatmawati","Sedaap Mie Goreng Isi 5 Bag 90Gr 8 X 5 X 91 Gr",371,88648.648,2026-06-30,SJ-286-26062026-002,PF,"PT. INTRADITA PROSIMPEX"
BC dipakai PF,2026-06-29,KB-LPBD-29062026-008,BC,"Lotte Mart Fatmawati","Sedaap Mie Goreng Isi 5 Bag 90Gr 8 X 5 X 91 Gr",51,88648.648,2026-06-30,SJ-286-26062026-002,PF,"PT. INTRADITA PROSIMPEX"
BC dipakai PF,2026-06-24,KB-LPBD-24062026-005,BC,"Lotte Mart Fatmawati","MIE SEDAAP KOREAN SPICY 40x87GR",8,94774.774,2026-06-30,SJ-286-26062026-002,PF,"PT. INTRADITA PROSIMPEX"
BC dipakai PF,2026-05-21,KB-LPBD-21052026-002,BC,"PT SEKAR WANGI ADA PERKASA","Attack Softener 12X750Gr",30,207477.477,2026-04-07,SJ-257-07042026-006,PF,"PT. RAJA IMPEX"
BC dipakai PF,2026-05-21,KB-LPBD-21052026-002,BC,"PT SEKAR WANGI ADA PERKASA","Attack Softener 12X750Gr",131,207477.477,2026-04-07,SJ-135-07042026-007,PF,"PT. RAJA IMPEX"
BC dipakai PF,2026-03-12,KB-LPBD-20260313-005,BC,"PT LOTTE MART INDONESIA","Gatsby Facewash Skin Triple Protection 100Grx36",15,600000,2026-04-07,SJ-813-12042026-001,PF,"PT. RAJA IMPEX"
BC dipakai PF,2026-03-12,KB-LPBD-20260313-005,BC,"PT LOTTE MART INDONESIA","Gatsby Facewash Perfect Clean 100Grx36",35,600000,2026-04-07,SJ-813-12042026-001,PF,"PT. RAJA IMPEX"
BC dipakai PF,2026-04-01,KB-LPBD-01042026-001,BC,"LOTTE MART GANDARIA CITY","Gatsby Facewash Oil Control 100Grx36",19,600000,2026-04-07,SJ-813-12042026-001,PF,"PT. RAJA IMPEX"
BC dipakai PF,2026-04-01,KB-LPBD-01042026-001,BC,"LOTTE MART GANDARIA CITY","Gatsby Facewash Clear Whitening 100Grx36",30,600000,2026-04-07,SJ-813-12042026-001,PF,"PT. RAJA IMPEX"
PF dipakai BC,2026-01-22,KB-LPBD-22012026-006,PF,"PT. Valent Ternama Didepan","Kopi Kapal Api Spesial Mix Bag 6X20X23Gr",170,173873.87,2026-04-07,SJ-279-22012026-003,BC,"PT. MITRA ASIA SYNERGY"
BC dipakai PF,2026-01-30,KB-LPB-30012026-002,BC,"LOTTE MART BINTARO","Sunlight 610Ml",400,87000,2026-04-07,SJ-515-24012026-007,PF,"BU AYU"
BC dipakai PF,2026-01-30,KB-LPB-30012026-002,BC,"LOTTE MART BINTARO","Sunlight 610Ml",300,87000,2026-04-07,SJ-349-26012026-002,PF,"BUDI"
BC dipakai PF,2026-01-30,KB-LPB-30012026-002,BC,"LOTTE MART BINTARO","Sunlight 610Ml",450,87000,2026-04-07,SJ-396-25012026-002,PF,"ANDRI"
PF dipakai BC,2026-02-03,KB-LPBD-03022026-001,PF,"PT. Lina Jaya Mart","Nescafe Ice Coffee Latte Can 220 ml",100,104504.504,2026-04-08,SJ-491-08042026-001,BC,"PT. INTRADITA PROSIMPEX"
PF dipakai BC,2026-02-03,KB-LPBD-03022026-001,PF,"PT. Lina Jaya Mart","NESCAFE Caramel Macchiato 24x220ml",100,104504.504,2026-04-08,SJ-491-08042026-001,BC,"PT. INTRADITA PROSIMPEX"
BC dipakai PF,2026-03-29,KB-LPB-20260329-002,BC,"PT MATAHARI PUTRA PRIMA","Youc1000 Orange 140ML",151,139980,2026-04-08,SJ-924-07042026-013,PF,"ADRIAN"
BC dipakai PF,2026-04-06,KB-LPB-06042026-002,BC,"Hypermart - Cyberpark Karawaci LKU","Youc1000 Orange 140ML",49,139980,2026-04-08,SJ-924-07042026-013,PF,"ADRIAN"
BC dipakai PF,2026-01-29,KB-LPBD-29012026-002,BC,"Lotte Mart Fatmawati","Palmia Margarine 200Gr",300,292756.76,2026-04-08,SJ-430-27012026-002,PF,"PT. BHAKTI KARYA DISTRIBUSI INDONESIA"
PF dipakai BC,2026-01-29,KB-LPB-29012026-001,PF,"ELLEE KARUNIA SEJAHTERA","Pantene Shampoo Perawatan Rambut Rontok (PINK)",3,339000,2026-04-08,SJ-652-28012026-005,BC,"GUNTUR"
PF dipakai BC,2026-02-03,KB-LPB-03022026-003,PF,"ELLEE KARUNIA SEJAHTERA","Pantene Shampoo Perawatan Rambut Rontok (PINK)",50,339000,2026-04-08,SJ-652-28012026-005,BC,"GUNTUR"
PF dipakai BC,2026-02-03,KB-LPB-03022026-004,PF,"ELLEE KARUNIA SEJAHTERA","Pantene Shampoo Perawatan Rambut Rontok (PINK)",22,399000,2026-04-08,SJ-652-28012026-005,BC,"GUNTUR"
PF dipakai BC,2026-01-29,KB-LPB-29012026-001,PF,"ELLEE KARUNIA SEJAHTERA","Head & Shoulders Cool Mentol (Hijau)",13,339000,2026-04-08,SJ-652-28012026-005,BC,"GUNTUR"
PF dipakai BC,2026-02-03,KB-LPB-03022026-003,PF,"ELLEE KARUNIA SEJAHTERA","Head & Shoulders Cool Mentol (Hijau)",45,339000,2026-04-08,SJ-652-28012026-005,BC,"GUNTUR"
PF dipakai BC,2026-02-03,KB-LPB-03022026-004,PF,"ELLEE KARUNIA SEJAHTERA","Head & Shoulders Cool Mentol (Hijau)",82,399000,2026-04-08,SJ-652-28012026-005,BC,"GUNTUR"
PF dipakai BC,2026-01-29,KB-LPB-29012026-001,PF,"ELLEE KARUNIA SEJAHTERA","Head & Shoulders Lemon Fresh (Kuning)",1,339000,2026-04-08,SJ-652-28012026-005,BC,"GUNTUR"
PF dipakai BC,2026-02-03,KB-LPB-03022026-003,PF,"ELLEE KARUNIA SEJAHTERA","Rejoice Rich (Orange)",1,318000,2026-04-08,SJ-652-28012026-005,BC,"GUNTUR"
PF dipakai BC,2026-04-08,KB-LPBD-08042026-002,PF,"ELLEE KARUNIA SEJAHTERA","Rejoice Rich (Orange)",49,288288.28,2026-04-08,SJ-652-28012026-005,BC,"GUNTUR"
PF dipakai BC,2026-03-31,KB-LPBD-20260331-005,PF,"ELLEE KARUNIA SEJAHTERA","Downy 1000 Sunrise Fresh (Biru)",15,211711.71,2026-04-08,SJ-652-28012026-005,BC,"GUNTUR"
PF dipakai BC,2026-03-31,KB-LPBD-20260331-005,PF,"ELLEE KARUNIA SEJAHTERA","Downy 1000 Flora Pink (Pink)",10,211711.71,2026-04-08,SJ-652-28012026-005,BC,"GUNTUR"
PF dipakai BC,2026-03-31,KB-LPBD-20260331-005,PF,"ELLEE KARUNIA SEJAHTERA","Downy 1000 Mystique (Hitam Ungu)",15,211711.71,2026-04-08,SJ-652-28012026-005,BC,"GUNTUR"
PF dipakai BC,2026-01-27,KB-LPB-27012026-006,PF,"ELLEE KARUNIA SEJAHTERA","Downy 1000 Passion (Hitam Merah)",15,237000,2026-04-08,SJ-652-28012026-005,BC,"GUNTUR"
PF dipakai BC,2026-02-03,KB-LPB-03022026-002,PF,"ELLEE KARUNIA SEJAHTERA","Downy 1000 Passion (Hitam Merah)",5,235000,2026-04-08,SJ-652-28012026-005,BC,"GUNTUR"
PF dipakai BC,2026-03-31,KB-LPBD-20260331-005,PF,"ELLEE KARUNIA SEJAHTERA","Pantene Shampoo Anti Dandruff (Biru )",81,301801.801,2026-04-08,SJ-652-28012026-005,BC,"GUNTUR"
PF dipakai BC,2026-04-08,KB-LPBD-08042026-002,PF,"ELLEE KARUNIA SEJAHTERA","Pantene Shampoo Anti Dandruff (Biru )",69,304504.5,2026-04-08,SJ-652-28012026-005,BC,"GUNTUR"
PF dipakai BC,2026-03-31,KB-LPBD-20260331-005,PF,"ELLEE KARUNIA SEJAHTERA","Pantene Shampoo Hitam & Panjang (Hitam)",25,301801.802,2026-04-08,SJ-652-28012026-005,BC,"GUNTUR"
PF dipakai BC,2026-04-08,KB-LPBD-08042026-002,PF,"ELLEE KARUNIA SEJAHTERA","Pantene Shampoo Hitam & Panjang (Hitam)",50,304504.5,2026-04-08,SJ-652-28012026-005,BC,"GUNTUR"
BC dipakai PF,2026-02-19,KB-LPB-19022026-002,BC,"HYPERMART GOURMENT","Ellips Hair Vitamin Hair Treatment Blister (Pink)",1,651600,2026-04-09,SJ-470-09042026-010,PF,"FRES MAN"
BC dipakai PF,2026-02-21,KB-LPB-21022026-001,BC,"FMT MAXX BOX","Ellips Hair Vitamin Hair Treatment Blister (Pink)",4,651600,2026-04-09,SJ-470-09042026-010,PF,"FRES MAN"
BC dipakai PF,2026-02-26,KB-LPB-26022026-001,BC,"HYPERMART PURI INDAH ","Ellips Hair Vitamin Hair Treatment Blister (Pink)",3,651600,2026-04-09,SJ-470-09042026-010,PF,"FRES MAN"
BC dipakai PF,2026-04-01,KB-LPB-20260401-001,BC,"PT MATAHARI PUTRA PRIMA","Ellips Hair Vitamin Hair Treatment Jar (Pink)",1,756000,2026-04-09,SJ-470-09042026-010,PF,"FRES MAN"
BC dipakai PF,2026-03-31,KB-LPBD-20260331-003,BC," PT. Saniki Distribution Indonesia","Indomie Goreng Special 85Gr",2500,99774.7746,2026-04-09,SJ-164-09042026-002,PF,"PT. RAJA IMPEX"
BC dipakai PF,2026-02-19,KB-LPB-19022026-002,BC,"HYPERMART GOURMENT","Ellips Hair Vitamin Smooth &  Shiny Blister (Yellow)",4,651600,2026-04-09,SJ-470-09042026-010,PF,"FRES MAN"
BC dipakai PF,2026-02-21,KB-LPB-21022026-001,BC,"FMT MAXX BOX","Ellips Hair Vitamin Smooth &  Shiny Blister (Yellow)",3,651600,2026-04-09,SJ-470-09042026-010,PF,"FRES MAN"
BC dipakai PF,2026-02-26,KB-LPB-26022026-001,BC,"HYPERMART PURI INDAH ","Ellips Hair Vitamin Smooth &  Shiny Blister (Yellow)",7,651600,2026-04-09,SJ-470-09042026-010,PF,"FRES MAN"
BC dipakai PF,2026-03-31,KB-LPB-31032026-001,BC,"HYPERMART PURI INDAH ","Ellips Hair Vitamin Smooth &  Shiny Blister (Yellow)",1,655200,2026-04-09,SJ-470-09042026-010,PF,"FRES MAN"
BC dipakai PF,2026-04-01,KB-LPB-20260401-001,BC,"PT MATAHARI PUTRA PRIMA","Ellips Hair Vitamin Hair Treatment Jar (Pink)",2,756000,2026-04-09,SJ-470-09042026-010,PF,"FRES MAN"
BC dipakai PF,2026-04-02,KB-LPB-02042026-003,BC,"HPM EKALOS","Ellips Hair Vitamin Hair Treatment Jar (Pink)",1,756000,2026-04-09,SJ-470-09042026-010,PF,"FRES MAN"
BC dipakai PF,2026-03-31,KB-LPB-31032026-001,BC,"HYPERMART PURI INDAH ","Ellips Hair Vitamin Smooth &  Shiny Blister (Yellow)",6,655200,2026-04-09,SJ-470-09042026-010,PF,"FRES MAN"
PF dipakai BC,2026-04-07,KB-LPBD-07042026-005,PF,"Lotte Mart Kuningan City","Blue Band Serbaguna 200G",10,405405.405,2026-04-09,SJ-528-09042026-012,BC,"PT. RANI INVESTINDO"
BC dipakai PF,2026-02-26,KB-LPB-26022026-001,BC,"HYPERMART PURI INDAH ","Ellips Hair Vitamin Hair Treatment Blister (Pink)",5,651600,2026-04-09,SJ-470-09042026-010,PF,"FRES MAN"
BC dipakai PF,2026-03-31,KB-LPB-31032026-001,BC,"HYPERMART PURI INDAH ","Ellips Hair Vitamin Hair Treatment Blister (Pink)",10,655200,2026-04-09,SJ-470-09042026-010,PF,"FRES MAN"
BC dipakai PF,2026-04-01,KB-LPB-20260401-001,BC,"PT MATAHARI PUTRA PRIMA","Ellips Hair Vitamin Hair Treatment Blister (Pink)",5,655200,2026-04-09,SJ-470-09042026-010,PF,"FRES MAN"
BC dipakai PF,2026-02-19,KB-LPB-19022026-002,BC,"HYPERMART GOURMENT","Ellips Hair Vitamin Hair Shiny Black Blister (Hitam) 6x6x12",1,651600,2026-04-09,SJ-470-09042026-010,PF,"FRES MAN"
BC dipakai PF,2026-02-21,KB-LPB-21022026-001,BC,"FMT MAXX BOX","Ellips Hair Vitamin Hair Shiny Black Blister (Hitam) 6x6x12",4,651600,2026-04-09,SJ-470-09042026-010,PF,"FRES MAN"
BC dipakai PF,2026-02-26,KB-LPB-26022026-001,BC,"HYPERMART PURI INDAH ","Ellips Hair Vitamin Hair Shiny Black Blister (Hitam) 6x6x12",9,651600,2026-04-09,SJ-470-09042026-010,PF,"FRES MAN"
BC dipakai PF,2026-03-31,KB-LPB-31032026-001,BC,"HYPERMART PURI INDAH ","Ellips Hair Vitamin Hair Shiny Black Blister (Hitam) 6x6x12",6,655200,2026-04-09,SJ-470-09042026-010,PF,"FRES MAN"
BC dipakai PF,2026-01-30,KB-LPB-30012026-002,BC,"LOTTE MART BINTARO","Sunlight 610Ml",400,87000,2026-04-09,SJ-491-09042026-006,PF,"YULI "
BC dipakai PF,2026-04-09,KB-LPBD-09042026-002,BC," PT. Saniki Distribution Indonesia","Indomie Goreng Special 85Gr",600,99774.774,2026-04-09,SJ-941-09042026-014,PF,"PT. FORTUNE REEF ZONA"
BC dipakai PF,2026-04-10,KB-LPB-10042026-001,BC,"LOTTE MART TAMAN SURYA","Kecap Bango Refill 520Ml",1500,240000,2026-04-10,SJ-547-10042026-006,PF,"FAHMI"
BC dipakai PF,2026-04-07,KB-LPBD-07042026-006,BC,"LOTTE MART BINTARO","Sedaap Mie Goreng Isi 5 Bag 90Gr 8 X 5 X 91 Gr",11,88648.648,2026-04-11,SJ-133-11042026-006,PF,"MRS RII"
BC dipakai PF,2026-03-12,KB-LPBD-20260313-005,BC,"PT LOTTE MART INDONESIA","Gatsby Facewash Perfect Clean 100Grx36",29,600000,2026-04-13,SJ-135-13042026-001,PF,"PT. SINAR KARUNIA SEJAHTERA"
BC dipakai PF,2026-04-01,KB-LPBD-01042026-001,BC,"LOTTE MART GANDARIA CITY","Gatsby Facewash Perfect Clean 100Grx36",16,600000,2026-04-13,SJ-135-13042026-001,PF,"PT. SINAR KARUNIA SEJAHTERA"
BC dipakai PF,2026-04-01,KB-LPBD-01042026-001,BC,"LOTTE MART GANDARIA CITY","Gatsby Facewash Oil Control 100Grx36",16,600000,2026-04-13,SJ-135-13042026-001,PF,"PT. SINAR KARUNIA SEJAHTERA"
BC dipakai PF,2026-04-01,KB-LPBD-01042026-001,BC,"LOTTE MART GANDARIA CITY","Gatsby Facewash Clear Whitening 100Grx36",15,600000,2026-04-13,SJ-135-13042026-001,PF,"PT. SINAR KARUNIA SEJAHTERA"
BC dipakai PF,2026-04-01,KB-LPBD-01042026-001,BC,"LOTTE MART GANDARIA CITY","Gatsby Facewash Skin Triple Protection 100Grx36",45,600000,2026-04-13,SJ-135-13042026-001,PF,"PT. SINAR KARUNIA SEJAHTERA"
BC dipakai PF,2026-01-30,KB-LPB-30012026-002,BC,"LOTTE MART BINTARO","Sunlight 610Ml",33,87000,2026-04-13,SJ-891-13042026-005,PF,"BIA SHOP"
PF dipakai BC,2026-04-08,KB-LPBD-08042026-002,PF,"ELLEE KARUNIA SEJAHTERA","Rejoice Rich (Orange)",108,288288.28,2026-04-14,SJ-745-14042026-007,BC,"FAHMI"
PF dipakai BC,2026-04-09,KB-LPBD-09042026-004,PF,"PT. Indomarco Adi Prima Bogor","Indomie Goreng Special 85Gr",495,102860.86,2026-04-15,SJ-704-15042026-018,BC,"PT. RAJA IMPEX"
PF dipakai BC,2026-03-13,KB-LPBD-13032026-002,PF,"KUDU TEKNOLOGI INDONESIA","Abc Kecap Pet 600Ml",100,232432.432,2026-04-15,SJ-705-15042026-011,BC,"PT. INTRADITA PROSIMPEX"
PF dipakai BC,2026-03-24,KB-LPBD-20260324-001,PF,"PT MATAHARI PUTRA PRIMA","Abc Kecap Pet 600Ml",168,19106.3063,2026-04-15,SJ-705-15042026-011,BC,"PT. INTRADITA PROSIMPEX"
BC dipakai PF,2026-02-24,KB-LPBD-24022026-002,BC,"PT INTI CAKRAWALA CITRA","Oatside Barista Blend 1000Ml",4,134234.234,2026-04-15,SJ-750-14042026-006,PF,"PT. RAJA IMPEX"
BC dipakai PF,2026-04-01,KB-LPB-20260401-001,BC,"PT MATAHARI PUTRA PRIMA","Ellips Hair Vitamin Smooth &  Shiny Blister (Yellow)",7,655200,2026-04-16,SJ-995-16042026-001,PF,"PT RATU SETIA ABADI"
BC dipakai PF,2026-04-02,KB-LPB-02042026-003,BC,"HPM EKALOS","Ellips Hair Vitamin Smooth &  Shiny Blister (Yellow)",7,655200,2026-04-16,SJ-995-16042026-001,PF,"PT RATU SETIA ABADI"
BC dipakai PF,2026-04-06,KB-LPB-06042026-006,BC,"HYPERMART GADING SERPONG","Ellips Hair Vitamin Smooth &  Shiny Blister (Yellow)",7,655200,2026-04-16,SJ-995-16042026-001,PF,"PT RATU SETIA ABADI"
BC dipakai PF,2026-04-07,KB-LPB-07042026-007,BC,"HYPERMART GADING SERPONG","Ellips Hair Vitamin Smooth &  Shiny Blister (Yellow)",1,756000,2026-04-16,SJ-995-16042026-001,PF,"PT RATU SETIA ABADI"
BC dipakai PF,2026-04-13,KB-LPB-13042026-004,BC,"Hypermart - Cyberpark Karawaci LKU","Ellips Hair Vitamin Smooth &  Shiny Blister (Yellow)",3,655200,2026-04-16,SJ-995-16042026-001,PF,"PT RATU SETIA ABADI"
BC dipakai PF,2026-04-13,KB-LPB-13042026-001,BC," HYPERMART VILLA MELATI ","Ellips Hair Vitamin Smooth &  Shiny Blister (Yellow)",3,655200,2026-04-16,SJ-995-16042026-001,PF,"PT RATU SETIA ABADI"
BC dipakai PF,2026-04-14,KB-LPB-14042026-001,BC,"HYPERMART GOURMENT","Ellips Hair Vitamin Smooth &  Shiny Blister (Yellow)",4,655200,2026-04-16,SJ-995-16042026-001,PF,"PT RATU SETIA ABADI"
BC dipakai PF,2026-04-01,KB-LPB-20260401-001,BC,"PT MATAHARI PUTRA PRIMA","Ellips Hair Vitamin Hair Treatment Blister (Pink)",4,655200,2026-04-16,SJ-995-16042026-001,PF,"PT RATU SETIA ABADI"
BC dipakai PF,2026-04-02,KB-LPB-02042026-003,BC,"HPM EKALOS","Ellips Hair Vitamin Hair Treatment Blister (Pink)",5,655200,2026-04-16,SJ-995-16042026-001,PF,"PT RATU SETIA ABADI"
BC dipakai PF,2026-04-06,KB-LPB-06042026-006,BC,"HYPERMART GADING SERPONG","Ellips Hair Vitamin Hair Treatment Blister (Pink)",9,655200,2026-04-16,SJ-995-16042026-001,PF,"PT RATU SETIA ABADI"
BC dipakai PF,2026-04-07,KB-LPB-07042026-007,BC,"HYPERMART GADING SERPONG","Ellips Hair Vitamin Hair Treatment Blister (Pink)",3,756000,2026-04-16,SJ-995-16042026-001,PF,"PT RATU SETIA ABADI"
BC dipakai PF,2026-04-13,KB-LPB-13042026-004,BC,"Hypermart - Cyberpark Karawaci LKU","Ellips Hair Vitamin Hair Treatment Blister (Pink)",10,655200,2026-04-16,SJ-995-16042026-001,PF,"PT RATU SETIA ABADI"
BC dipakai PF,2026-04-13,KB-LPB-13042026-001,BC," HYPERMART VILLA MELATI ","Ellips Hair Vitamin Hair Treatment Blister (Pink)",5,655200,2026-04-16,SJ-995-16042026-001,PF,"PT RATU SETIA ABADI"
BC dipakai PF,2026-04-14,KB-LPB-14042026-001,BC,"HYPERMART GOURMENT","Ellips Hair Vitamin Hair Treatment Blister (Pink)",5,655200,2026-04-16,SJ-995-16042026-001,PF,"PT RATU SETIA ABADI"
BC dipakai PF,2026-04-01,KB-LPBD-01042026-001,BC,"LOTTE MART GANDARIA CITY","Gatsby Facewash Skin Triple Protection 100Grx36",15,600000,2026-04-16,SJ-618-13042026-004,PF,"PT. RAJA IMPEX"
BC dipakai PF,2026-04-01,KB-LPBD-01042026-001,BC,"LOTTE MART GANDARIA CITY","Gatsby Facewash Perfect Clean 100Grx36",25,600000,2026-04-16,SJ-454-13042026-006,PF,"PT. RAJA IMPEX"
BC dipakai PF,2026-04-01,KB-LPBD-01042026-001,BC,"LOTTE MART GANDARIA CITY","Gatsby Facewash Perfect Clean 100Grx36",19,600000,2026-04-16,SJ-618-13042026-004,PF,"PT. RAJA IMPEX"
PF dipakai BC,2026-04-16,KB-LPBD-16042026-001,PF,"LIEFAREL MULTINIAGA LEST","Ellips Hair Vitamin Smooth &  Shiny Blister (Yellow)",4,696764.12,2026-04-17,SJ-836-17042026-002,BC,"FRES MAN"
PF dipakai BC,2026-03-17,KB-LPBD-17032026-001,PF,"LIEFAREL MULTINIAGA LEST","Ellips Hair Vitamin Smooth & Shiny Jar (Yellow)",1,717894.594,2026-04-17,SJ-836-17042026-002,BC,"FRES MAN"
PF dipakai BC,2026-04-16,KB-LPBD-16042026-001,PF,"LIEFAREL MULTINIAGA LEST","Ellips Hair Vitamin Hair Treatment Blister (Pink)",6,696728.5,2026-04-17,SJ-836-17042026-002,BC,"FRES MAN"
PF dipakai BC,2026-04-02,KB-LPB-02042026-002,PF,"HYPERMART - MALL CIPUTRA CIBUBUR","Ellips Hair Vitamin Hair Treatment Jar (Pink)",1,756000,2026-04-17,SJ-836-17042026-002,BC,"FRES MAN"
BC dipakai PF,2026-03-29,KB-LPB-20260329-003,BC,"Hypermart - Supermal Karawaci","IMBOOST KIDS SYRUP	60 ml",6,481875,2026-04-18,SJ-134-18042026-001,PF,"FRES MAN"
PF dipakai BC,2026-04-16,KB-LPBD-16042026-001,PF,"LIEFAREL MULTINIAGA LEST","Ellips Hair Vitamin Hair Treatment Blister (Pink)",3,696728.5,2026-04-18,SJ-218-18042026-006,BC,"FRES MAN"
PF dipakai BC,2026-04-02,KB-LPB-02042026-002,PF,"HYPERMART - MALL CIPUTRA CIBUBUR","Ellips Hair Vitamin Hair Treatment Jar (Pink)",1,756000,2026-04-18,SJ-218-18042026-006,BC,"FRES MAN"
BC dipakai PF,2026-03-05,KB-LPBD-20260305-006,BC,"Hypermart - Mall Metropolis","Teh Botol Sosro Original 24X450Ml",15,75675.676,2026-04-22,SJ-343-22042026-004,PF,"PT. FORTUNE REEF ZONA"
PF dipakai BC,2026-04-10,KB-LPB-10042026-002,PF,"Lotte Mart Fatmawati","Sedaap Mie Goreng Isi 5 Bag 90Gr 8 X 5 X 91 Gr",11,98400,2026-04-22,SJ-210-22042026-005,BC,"PT MEGA PROSINDO"
BC dipakai PF,2026-04-17,KB-LPB-17042026-002,BC,"LOTTE GROSIR CIPUTAT ","BINTANG ZERO 330ML",52,145000,2026-04-22,SJ-833-20042026-001,PF,"FRESH MAN"
BC dipakai PF,2026-04-18,KB-LPB-18042026-002,BC,"LOTTE GROSIR BEKASI","BINTANG ZERO 330ML",148,145008,2026-04-22,SJ-833-20042026-001,PF,"FRESH MAN"
BC dipakai PF,2026-04-18,KB-LPB-18042026-002,BC,"LOTTE GROSIR BEKASI","BINTANG ZERO 330ML",142,145008,2026-04-22,SJ-263-22042026-003,PF,"FRES MAN"
BC dipakai PF,2026-04-18,KB-LPB-18042026-005,BC,"LOTTE GROSIR ALAM SUTERA ","BINTANG ZERO 330ML",8,145008,2026-04-22,SJ-263-22042026-003,PF,"FRES MAN"
PF dipakai BC,2026-04-11,KB-LPB-11042026-001,PF,"LOTTE MART TAMAN SURYA","Kecap Bango Refill 520Ml",100,216216.216,2026-04-22,SJ-561-22042026-001,BC,"ERVINA"
PF dipakai BC,2026-04-09,KB-LPBD-09042026-003,PF,"PT. SERBANEKA RITEL SEJAHTERA","FRISIAN FLAG SACHET CHOCOLATE 120x37gr",50,136557.598,2026-04-22,SJ-561-22042026-001,BC,"ERVINA"
PF dipakai BC,2026-04-09,KB-LPBD-09042026-003,PF,"PT. SERBANEKA RITEL SEJAHTERA","FRISIAN FLAG VANILLA 120x37gr",200,136557.6143,2026-04-22,SJ-561-22042026-001,BC,"ERVINA"
PF dipakai BC,2026-04-22,KB-LPBD-22042026-003,PF,"BLIBLI","Emeron Shampo Soft & Smooth 170Ml",10,126126.13,2026-04-23,SJ-925-23042026-003,BC,"PT. RAJA IMPEX"
PF dipakai BC,2026-04-22,KB-LPBD-22042026-003,PF,"BLIBLI","Emeron Shampo Dandruff Control 170Ml",20,126126.13,2026-04-23,SJ-925-23042026-003,BC,"PT. RAJA IMPEX"
PF dipakai BC,2026-04-22,KB-LPBD-22042026-003,PF,"BLIBLI","Emeron Shampo Hijab Anti Dandruff 340Ml",50,226126.13,2026-04-23,SJ-925-23042026-003,BC,"PT. RAJA IMPEX"
PF dipakai BC,2026-04-09,KB-LPBD-09042026-004,PF,"PT. Indomarco Adi Prima Bogor","Indomie Goreng Special 85Gr",95,102860.86,2026-04-23,SJ-355-23042026-001,BC,"PT. RAJA IMPEX"
PF dipakai BC,2026-04-08,KB-LPBD-08042026-004,PF,"PT GLOBAL DIGITAL NIAGA","Emeron Shampo Black Shine 12X170Ml",5,113063.06,2026-04-23,SJ-925-23042026-003,BC,"PT. RAJA IMPEX"
PF dipakai BC,2026-04-09,KB-LPBD-09042026-004,PF,"PT. Indomarco Adi Prima Bogor","Indomie Goreng Special 85Gr",3,102860.86,2026-04-25,SJ-161-25042026-005,BC,"WAHYU"
PF dipakai BC,2026-03-17,KB-LPBD-17032026-001,PF,"LIEFAREL MULTINIAGA LEST","Ellips Hair Vitamin Smooth & Shiny Jar (Yellow)",6,717894.594,2026-04-25,SJ-460-25042026-004,BC,"FRES MAN"
PF dipakai BC,2026-04-02,KB-LPB-02042026-002,PF,"HYPERMART - MALL CIPUTRA CIBUBUR","Ellips Hair Vitamin Hair Treatment Jar (Pink)",1,756000,2026-04-25,SJ-460-25042026-004,BC,"FRES MAN"
PF dipakai BC,2026-04-16,KB-LPBD-16042026-001,PF,"LIEFAREL MULTINIAGA LEST","Ellips Hair Vitamin Smooth &  Shiny Blister (Yellow)",13,696764.12,2026-04-25,SJ-460-25042026-004,BC,"FRES MAN"
PF dipakai BC,2026-04-16,KB-LPBD-16042026-001,PF,"LIEFAREL MULTINIAGA LEST","Ellips Hair Vitamin Hair Treatment Blister (Pink)",22,696728.5,2026-04-25,SJ-460-25042026-004,BC,"FRES MAN"
PF dipakai BC,2026-04-02,KB-LPB-02042026-002,PF,"HYPERMART - MALL CIPUTRA CIBUBUR","Ellips Hair Vitamin Hair Shiny Black Blister (Hitam) 6x6x12",9,655200,2026-04-25,SJ-460-25042026-004,BC,"FRES MAN"
PF dipakai BC,2026-04-25,KB-LPB-25042026-003,PF,"ELLEE KARUNIA SEJAHTERA","REJOICE ANTI FREEZE (PINK)",10,334566,2026-04-25,SJ-426-25042026-002,BC,"KO ATENG"
PF dipakai BC,2026-04-25,KB-LPB-25042026-003,PF,"ELLEE KARUNIA SEJAHTERA","REJOICE BLACK & SHINE (HITAM)",10,314566,2026-04-25,SJ-426-25042026-002,BC,"KO ATENG"
PF dipakai BC,2026-05-07,KB-LPB-07052026-001,PF,"ELLEE KARUNIA SEJAHTERA","Pantene Conditioner Rambut Rontok (Pink)",6,165993.61,2026-04-25,SJ-426-25042026-002,BC,"KO ATENG"
PF dipakai BC,2026-04-25,KB-LPB-25042026-003,PF,"ELLEE KARUNIA SEJAHTERA","REJOICE DANDRUFF (BIRU) ",10,334566,2026-04-25,SJ-426-25042026-002,BC,"KO ATENG"
BC dipakai PF,2026-04-20,KB-LPBD-20042026-001,BC,"PT SAYAP MAS UTAMA","Sedaap Mie Goreng Isi 5 Bag 90Gr 8 X 5 X 91 Gr",11,97416.314,2026-04-25,SJ-877-25042026-001,PF,"PT. RAJA IMPEX"
BC dipakai PF,2026-05-05,KB-LPBD-05052026-005,BC,"PT SAYAP MAS UTAMA","Sedaap Mie Goreng Isi 5 Bag 90Gr 8 X 5 X 91 Gr",3,97416.316,2026-04-25,SJ-877-25042026-001,PF,"PT. RAJA IMPEX"
PF dipakai BC,2026-04-08,KB-LPBD-08042026-002,PF,"ELLEE KARUNIA SEJAHTERA","Head & Shoulders Anti Apek (Hitam)",5,304504.5,2026-04-25,SJ-426-25042026-002,BC,"KO ATENG"
PF dipakai BC,2026-04-25,KB-LPB-25042026-003,PF,"ELLEE KARUNIA SEJAHTERA","Head & Shoulders Anti Bacterial (Biru)",15,334566,2026-04-25,SJ-426-25042026-002,BC,"KO ATENG"
PF dipakai BC,2026-04-25,KB-LPB-25042026-003,PF,"ELLEE KARUNIA SEJAHTERA","Head & Shoulders Cool Mentol (Hijau)",50,334566,2026-04-25,SJ-426-25042026-002,BC,"KO ATENG"
PF dipakai BC,2026-04-18,KB-LPB-18042026-006,PF,"ELLEE KARUNIA SEJAHTERA","Head & Shoulders Lemon Fresh (Kuning)",10,334521,2026-04-25,SJ-426-25042026-002,BC,"KO ATENG"
PF dipakai BC,2026-04-25,KB-LPB-25042026-003,PF,"ELLEE KARUNIA SEJAHTERA","Rejoice Conditioner Rich",20,156566,2026-04-25,SJ-426-25042026-002,BC,"KO ATENG"
PF dipakai BC,2026-04-18,KB-LPB-18042026-006,PF,"ELLEE KARUNIA SEJAHTERA","Rejoice Rich (Orange)",1,334521,2026-04-25,SJ-426-25042026-002,BC,"KO ATENG"
PF dipakai BC,2026-04-25,KB-LPB-25042026-003,PF,"ELLEE KARUNIA SEJAHTERA","Rejoice Rich (Orange)",19,334566,2026-04-25,SJ-426-25042026-002,BC,"KO ATENG"
PF dipakai BC,2026-04-25,KB-LPB-25042026-003,PF,"ELLEE KARUNIA SEJAHTERA","Pantene Shampoo Hitam & Panjang (Hitam)",35,334565,2026-04-25,SJ-426-25042026-002,BC,"KO ATENG"
PF dipakai BC,2026-04-25,KB-LPB-25042026-003,PF,"ELLEE KARUNIA SEJAHTERA","Pantene Shampoo Anti Dandruff (Biru )",40,334566,2026-04-25,SJ-426-25042026-002,BC,"KO ATENG"
PF dipakai BC,2026-04-25,KB-LPB-25042026-003,PF,"ELLEE KARUNIA SEJAHTERA","Pantene Shampoo Halus & Lembut (HIJAU)",10,334567,2026-04-25,SJ-426-25042026-002,BC,"KO ATENG"
PF dipakai BC,2026-04-25,KB-LPB-25042026-003,PF,"ELLEE KARUNIA SEJAHTERA","PANTENE ORANGE ",10,334567,2026-04-25,SJ-426-25042026-002,BC,"KO ATENG"
PF dipakai BC,2026-04-25,KB-LPB-25042026-003,PF,"ELLEE KARUNIA SEJAHTERA","Head & Shoulders Anti Hairfall (Orange)",15,334566,2026-04-25,SJ-426-25042026-002,BC,"KO ATENG"
PF dipakai BC,2026-04-25,KB-LPB-25042026-003,PF,"ELLEE KARUNIA SEJAHTERA","Head & Shoulders Smooth & Silky (Merah)",20,334566,2026-04-25,SJ-426-25042026-002,BC,"KO ATENG"
PF dipakai BC,2026-04-18,KB-LPB-18042026-006,PF,"ELLEE KARUNIA SEJAHTERA","Pantene Shampoo Perawatan Rambut Rontok (PINK)",20,334521,2026-04-25,SJ-426-25042026-002,BC,"KO ATENG"
PF dipakai BC,2026-04-28,KB-LPB-28042026-001,PF,"RISKY MAYANG","Kecap Bango Refill 700Ml",30,240500,2026-04-27,SJ-563-27042026-008,BC,"PT. RANI INVESTINDO"
BC dipakai PF,2026-04-06,KB-LPB-06042026-002,BC,"Hypermart - Cyberpark Karawaci LKU","Youc1000 Orange 140ML",200,139980,2026-04-27,SJ-562-27042026-005,PF,"YOGA"
BC dipakai PF,2026-04-06,KB-LPB-06042026-002,BC,"Hypermart - Cyberpark Karawaci LKU","Youc1000 Orange 140ML",300,139980,2026-04-28,SJ-920-28042026-003,PF,"SINAR TERANG"
BC dipakai PF,2026-04-27,KB-LPB-27042026-004,BC,"Hypermart - Cyberpark Karawaci LKU","YOU C 1000 Orange Water 500ML",200,132000,2026-04-29,SJ-158-29042026-004,PF,"PT. KARTINI SUKSES MAKMUR"
PF dipakai BC,2026-04-28,KB-LPB-28042026-001,PF,"RISKY MAYANG","Kecap Bango Refill 700Ml",249,240500,2026-04-29,SJ-532-29042026-001,BC,"SEMAR"
PF dipakai BC,2026-04-25,KB-LPB-25042026-002,PF,"PT SINARMAS DISTRIBUSI NUSANTARA ","Kecap Bango 77Gr",5,105500,2026-04-30,SJ-308-30042026-001,BC,"SINAR FAJAR "
PF dipakai BC,2026-04-30,KB-LPB-30042026-001,PF,"ANEKA PEMBELI ULI SUKABUMI","Kecap Bango 77Gr",292,105000,2026-04-30,SJ-308-30042026-001,BC,"SINAR FAJAR "
PF dipakai BC,2026-04-25,KB-LPB-25042026-002,PF,"PT SINARMAS DISTRIBUSI NUSANTARA ","Kecap Bango 25Gr",4,105500,2026-04-30,SJ-308-30042026-001,BC,"SINAR FAJAR "
PF dipakai BC,2026-04-30,KB-LPB-30042026-001,PF,"ANEKA PEMBELI ULI SUKABUMI","Kecap Bango 25Gr",695,105000,2026-04-30,SJ-308-30042026-001,BC,"SINAR FAJAR "
BC dipakai PF,2026-04-27,KB-LPB-27042026-004,BC,"Hypermart - Cyberpark Karawaci LKU","YOU C 1000 Orange Water 500ML",100,132000,2026-05-02,SJ-275-02052026-001,PF,"KO ATENG"
BC dipakai PF,2026-04-06,KB-LPB-06042026-002,BC,"Hypermart - Cyberpark Karawaci LKU","Youc1000 Orange 140ML",99,139980,2026-05-02,SJ-275-02052026-001,PF,"KO ATENG"
PF dipakai BC,2026-04-27,KB-LPB-27042026-005,PF,"HYPERMART PURI INDAH ","Youc1000 Orange 140ML",750,132000,2026-05-05,SJ-865-04052026-001,BC,"NIAR"
PF dipakai BC,2026-04-28,KB-LPB-28042026-001,PF,"RISKY MAYANG","Kecap Bango Refill 700Ml",150,240500,2026-05-05,SJ-359-05052026-004,BC,"SUSI"
PF dipakai BC,2026-04-27,KB-LPB-27042026-005,PF,"HYPERMART PURI INDAH ","Youc1000 Orange 140ML",149,132000,2026-05-05,SJ-743-05052026-001,BC,"YOGI "
PF dipakai BC,2026-04-28,KB-LPB-28042026-001,PF,"RISKY MAYANG","Kecap Bango Refill 700Ml",50,240500,2026-05-05,SJ-524-05052026-005,BC,"TOKO HIDUP MANDIRI"
PF dipakai BC,2026-05-04,KB-LPBD-04052026-006,PF,"PT OTSUKA DISTRIBUTION INDONESIA","POCARI ION WATER 6x2000ML",200,98108.108,2026-05-06,SJ-485-05052026-004,BC,"PT. RAJA IMPEX"
PF dipakai BC,2026-05-04,KB-LPBD-04052026-006,PF,"PT OTSUKA DISTRIBUTION INDONESIA","POCARI ION WATER 24x500ML",200,133513.513,2026-05-06,SJ-485-05052026-004,BC,"PT. RAJA IMPEX"
BC dipakai PF,2026-05-04,KB-LPB-04052026-003,BC,"HYPERMART KEMANG","BINTANG ZERO 330ML",99,144984,2026-05-07,SJ-254-07052026-003,PF,"ANDRI LAMPUNG"
BC dipakai PF,2026-05-04,KB-LPB-04052026-004,BC,"HPM EKALOS","BINTANG ZERO 330ML",200,144984,2026-05-07,SJ-254-07052026-003,PF,"ANDRI LAMPUNG"
BC dipakai PF,2026-05-04,KB-LPB-04052026-005,BC,"HYPERMART - MALL CIPUTRA CIBUBUR","BINTANG ZERO 330ML",1,152250,2026-05-07,SJ-254-07052026-003,PF,"ANDRI LAMPUNG"
BC dipakai PF,2026-05-04,KB-LPB-04052026-005,BC,"HYPERMART - MALL CIPUTRA CIBUBUR","BINTANG ZERO 330ML",100,152250,2026-05-07,SJ-254-07052026-003,PF,"ANDRI LAMPUNG"
BC dipakai PF,2026-05-04,KB-LPB-04052026-005,BC,"HYPERMART - MALL CIPUTRA CIBUBUR","BINTANG ZERO 330ML",200,152250,2026-05-07,SJ-254-07052026-003,PF,"ANDRI LAMPUNG"
BC dipakai PF,2026-05-04,KB-LPB-04052026-005,BC,"HYPERMART - MALL CIPUTRA CIBUBUR","BINTANG ZERO 330ML",99,152250,2026-05-07,SJ-254-07052026-003,PF,"ANDRI LAMPUNG"
BC dipakai PF,2026-05-06,KB-LPB-06052026-002,BC,"HYPERMART CITRA RAYA","BINTANG ZERO 330ML",300,144984,2026-05-07,SJ-254-07052026-003,PF,"ANDRI LAMPUNG"
BC dipakai PF,2026-05-06,KB-LPB-06052026-003,BC,"HYPERMART GADING SERPONG","BINTANG ZERO 330ML",1,130484,2026-05-07,SJ-254-07052026-003,PF,"ANDRI LAMPUNG"
BC dipakai PF,2026-04-27,KB-LPB-27042026-004,BC,"Hypermart - Cyberpark Karawaci LKU","YOU C 1000 Orange Water 500ML",150,132000,2026-05-07,SJ-312-07052026-001,PF,"KO ATENG"
PF dipakai BC,2026-05-11,KB-LPBD-11052026-006,PF,"PT. SUBUR JAYA GEMILANG","ABC MUNGBEAN 24x250ml",100,77919.504,2026-05-09,SJ-777-09052026-006,BC,"PT. FORTUNE REEF ZONA"
PF dipakai BC,2026-05-07,KB-LPBD-07052026-003,PF,"PT. SUBUR JAYA GEMILANG","ABC GUAVA JUICE 24x250ML",250,139537,2026-05-09,SJ-777-09052026-006,BC,"PT. FORTUNE REEF ZONA"
PF dipakai BC,2026-05-07,KB-LPBD-07052026-003,PF,"PT. SUBUR JAYA GEMILANG","ABC TAMARIN 24x250ML",197,84229,2026-05-09,SJ-777-09052026-006,BC,"PT. FORTUNE REEF ZONA"
PF dipakai BC,2026-04-08,KB-LPBD-08042026-004,PF,"PT GLOBAL DIGITAL NIAGA","Emeron Shampo Black Shine 12X170Ml",15,113063.06,2026-05-09,SJ-680-09052026-010,BC,"PT. RAJA IMPEX"
PF dipakai BC,2026-04-22,KB-LPBD-22042026-003,PF,"BLIBLI","Emeron Shampo Black Shine 12X170Ml",5,126126.13,2026-05-09,SJ-680-09052026-010,BC,"PT. RAJA IMPEX"
PF dipakai BC,2026-04-08,KB-LPBD-08042026-004,PF,"PT GLOBAL DIGITAL NIAGA","Emeron Shampoo Hijab Anti Hair Fall 340Ml",100,217927.93,2026-05-09,SJ-680-09052026-010,BC,"PT. RAJA IMPEX"
PF dipakai BC,2026-05-07,KB-LPBD-07052026-007,PF,"BLIBLI","Emeron Shampo Hijab Clean& Fresh 340Ml",25,217881.646,2026-05-09,SJ-680-09052026-010,BC,"PT. RAJA IMPEX"
PF dipakai BC,2026-04-13,KB-LPBD-13042026-006,PF,"BLIBLI","Emeron Shampoo Black Shine 340Ml",50,217032.432,2026-05-09,SJ-680-09052026-010,BC,"PT. RAJA IMPEX"
PF dipakai BC,2026-04-13,KB-LPBD-13042026-006,PF,"BLIBLI","Emeron Shampo Soft & Smooth 340Ml",55,217032.432,2026-05-09,SJ-680-09052026-010,BC,"PT. RAJA IMPEX"
PF dipakai BC,2026-05-07,KB-LPBD-07052026-007,PF,"BLIBLI","Emeron Shampo Soft & Smooth 340Ml",35,217881.646,2026-05-09,SJ-680-09052026-010,BC,"PT. RAJA IMPEX"
PF dipakai BC,2026-04-22,KB-LPBD-22042026-003,PF,"BLIBLI","Emeron Shampo Dandruff Control 340Ml",50,226126.13,2026-05-09,SJ-680-09052026-010,BC,"PT. RAJA IMPEX"
PF dipakai BC,2026-05-07,KB-LPBD-07052026-007,PF,"BLIBLI","Emeron Shampo Hair Fall Control 340Ml",40,217881.6467,2026-05-09,SJ-680-09052026-010,BC,"PT. RAJA IMPEX"
PF dipakai BC,2026-06-11,KB-LPB-11062026-002,PF,"ALFA MIDI ","BINTANG ZERO 330ML",2,145000,2026-05-09,SJ-853-09052026-001,BC,"TOKO HIDUP MANDIRI"
PF dipakai BC,2026-04-07,KB-LPBD-07042026-005,PF,"Lotte Mart Kuningan City","Blue Band Serbaguna 200G",10,405405.405,2026-05-09,SJ-710-09052026-004,BC,"PT. RANI INVESTINDO"
BC dipakai PF,2026-05-05,KB-LPBD-05052026-004,BC,"PT INTI CAKRAWALA CITRA","Kit Kat Chocolate Drink 220Ml X 24",241,198198.198,2026-05-11,SJ-479-11052026-004,PF,"METRO IMPEX MAKMUR"
BC dipakai PF,2026-05-07,KB-LPBD-07052026-008,BC,"PT INTI CAKRAWALA CITRA","Kit Kat Chocolate Drink 220Ml X 24",458,198198.198,2026-05-11,SJ-479-11052026-004,PF,"METRO IMPEX MAKMUR"
PF dipakai BC,2026-04-16,KB-LPBD-16042026-001,PF,"LIEFAREL MULTINIAGA LEST","Ellips Hair Vitamin Smooth &  Shiny Blister (Yellow)",3,696764.12,2026-05-12,SJ-718-11052026-001,BC,"AHOK"
PF dipakai BC,2026-04-16,KB-LPBD-16042026-001,PF,"LIEFAREL MULTINIAGA LEST","Ellips Hair Vitamin Hair Treatment Blister (Pink)",5,696728.5,2026-05-12,SJ-718-11052026-001,BC,"AHOK"
PF dipakai BC,2026-04-16,KB-LPBD-16042026-001,PF,"LIEFAREL MULTINIAGA LEST","Ellips Hair Vitamin Hair Treatment Blister (Pink)",4,696728.5,2026-05-12,SJ-718-11052026-001,BC,"AHOK"
PF dipakai BC,2026-04-16,KB-LPBD-16042026-001,PF,"LIEFAREL MULTINIAGA LEST","Ellips Hair Vitamin Hair Treatment Blister (Pink)",3,696728.5,2026-05-12,SJ-718-11052026-001,BC,"AHOK"
PF dipakai BC,2026-04-16,KB-LPBD-16042026-001,PF,"LIEFAREL MULTINIAGA LEST","Ellips Hair Vitamin Hair Treatment Blister (Pink)",5,696728.5,2026-05-12,SJ-718-11052026-001,BC,"AHOK"
PF dipakai BC,2026-04-16,KB-LPBD-16042026-001,PF,"LIEFAREL MULTINIAGA LEST","Ellips Hair Vitamin Hair Treatment Blister (Pink)",2,696728.5,2026-05-12,SJ-718-11052026-001,BC,"AHOK"
PF dipakai BC,2026-04-16,KB-LPBD-16042026-001,PF,"LIEFAREL MULTINIAGA LEST","Ellips Hair Vitamin Smooth &  Shiny Blister (Yellow)",5,696764.12,2026-05-12,SJ-718-11052026-001,BC,"AHOK"
PF dipakai BC,2026-04-16,KB-LPBD-16042026-001,PF,"LIEFAREL MULTINIAGA LEST","Ellips Hair Vitamin Smooth &  Shiny Blister (Yellow)",3,696764.12,2026-05-12,SJ-718-11052026-001,BC,"AHOK"
PF dipakai BC,2026-04-16,KB-LPBD-16042026-001,PF,"LIEFAREL MULTINIAGA LEST","Ellips Hair Vitamin Smooth &  Shiny Blister (Yellow)",4,696764.12,2026-05-12,SJ-718-11052026-001,BC,"AHOK"
PF dipakai BC,2026-04-16,KB-LPBD-16042026-001,PF,"LIEFAREL MULTINIAGA LEST","Ellips Hair Vitamin Smooth &  Shiny Blister (Yellow)",5,696764.12,2026-05-12,SJ-718-11052026-001,BC,"AHOK"
PF dipakai BC,2026-04-16,KB-LPBD-16042026-001,PF,"LIEFAREL MULTINIAGA LEST","Ellips Hair Vitamin Smooth &  Shiny Blister (Yellow)",2,696764.12,2026-05-12,SJ-718-11052026-001,BC,"AHOK"
PF dipakai BC,2026-03-17,KB-LPBD-17032026-001,PF,"LIEFAREL MULTINIAGA LEST","Ellips Hair Vitamin Smooth & Shiny Jar (Yellow)",5,717894.594,2026-05-12,SJ-718-11052026-001,BC,"AHOK"
PF dipakai BC,2026-03-17,KB-LPBD-17032026-001,PF,"LIEFAREL MULTINIAGA LEST","Ellips Hair Vitamin Smooth & Shiny Jar (Yellow)",3,717894.594,2026-05-12,SJ-718-11052026-001,BC,"AHOK"
PF dipakai BC,2026-04-02,KB-LPB-02042026-002,PF,"HYPERMART - MALL CIPUTRA CIBUBUR","Ellips Hair Vitamin Smooth & Shiny Jar (Yellow)",1,756000,2026-05-12,SJ-718-11052026-001,BC,"AHOK"
PF dipakai BC,2026-05-05,KB-LPBD-05052026-006,PF,"PT. Indomarco Adi Prima Bogor","Indomie Goreng Special 85Gr",7,102860.3606,2026-05-15,SJ-578-15052026-007,BC,"PT. RAJA IMPEX"
PF dipakai BC,2026-05-20,KB-LPBD-20052026-002,PF,"PT. Indomarco Adi Prima Bogor","Indomie Goreng Special 85Gr",3,96204.003,2026-05-15,SJ-578-15052026-007,BC,"PT. RAJA IMPEX"
PF dipakai BC,2026-05-16,KB-LPB-16052026-002,PF,"PT SEKAR WANGI ADA PERKASA","Medicare Soap Light Blue Sport Fresh 80 Gr",200,170400,2026-05-16,SJ-370-16052026-002,BC,"MRS JINNY "
BC dipakai PF,2026-05-04,KB-LPB-04052026-001,BC,"HYPERMART DAAN MOGOT","Ellips Hair Vitamin Smooth &  Shiny Blister (Yellow)",2,655200,2026-05-18,SJ-240-18052026-003,PF,"PT RATU SETIA ABADI"
BC dipakai PF,2026-05-04,KB-LPB-04052026-002,BC,"HYPERMART PURI INDAH ","Ellips Hair Vitamin Smooth &  Shiny Blister (Yellow)",5,655200,2026-05-18,SJ-240-18052026-003,PF,"PT RATU SETIA ABADI"
BC dipakai PF,2026-05-04,KB-LPB-04052026-006,BC,"HPM EKALOS","Ellips Hair Vitamin Smooth &  Shiny Blister (Yellow)",3,655200,2026-05-18,SJ-240-18052026-003,PF,"PT RATU SETIA ABADI"
BC dipakai PF,2026-05-04,KB-LPB-04052026-008,BC,"Hypermart - Supermal Karawaci","Ellips Hair Vitamin Smooth &  Shiny Blister (Yellow)",5,655200,2026-05-18,SJ-240-18052026-003,PF,"PT RATU SETIA ABADI"
BC dipakai PF,2026-05-05,KB-LPB-05052026-001,BC,"Hypermart - Cyberpark Karawaci LKU","Ellips Hair Vitamin Smooth &  Shiny Blister (Yellow)",5,655200,2026-05-18,SJ-240-18052026-003,PF,"PT RATU SETIA ABADI"
BC dipakai PF,2026-05-05,KB-LPB-05052026-002,BC,"HYPERMART - MALL CIPUTRA CIBUBUR","Ellips Hair Vitamin Smooth &  Shiny Blister (Yellow)",4,655200,2026-05-18,SJ-240-18052026-003,PF,"PT RATU SETIA ABADI"
BC dipakai PF,2026-05-06,KB-LPB-06052026-004,BC,"HYPERMART GADING SERPONG","Ellips Hair Vitamin Smooth &  Shiny Blister (Yellow)",5,655200,2026-05-18,SJ-240-18052026-003,PF,"PT RATU SETIA ABADI"
BC dipakai PF,2026-05-07,KB-LPB-07052026-002,BC,"FMT MAXX BOX","Ellips Hair Vitamin Smooth &  Shiny Blister (Yellow)",1,655200,2026-05-18,SJ-240-18052026-003,PF,"PT RATU SETIA ABADI"
BC dipakai PF,2026-05-04,KB-LPB-04052026-001,BC,"HYPERMART DAAN MOGOT","Ellips Hair Vitamin Hair Treatment Blister (Pink)",1,655200,2026-05-18,SJ-240-18052026-003,PF,"PT RATU SETIA ABADI"
BC dipakai PF,2026-05-04,KB-LPB-04052026-006,BC,"HPM EKALOS","Ellips Hair Vitamin Hair Treatment Blister (Pink)",3,655200,2026-05-18,SJ-240-18052026-003,PF,"PT RATU SETIA ABADI"
BC dipakai PF,2026-05-04,KB-LPB-04052026-009,BC,"HYPERMART GOURMENT","Ellips Hair Vitamin Hair Treatment Blister (Pink)",3,655200,2026-05-18,SJ-240-18052026-003,PF,"PT RATU SETIA ABADI"
BC dipakai PF,2026-05-04,KB-LPB-04052026-008,BC,"Hypermart - Supermal Karawaci","Ellips Hair Vitamin Hair Treatment Blister (Pink)",5,655200,2026-05-18,SJ-240-18052026-003,PF,"PT RATU SETIA ABADI"
BC dipakai PF,2026-05-04,KB-LPB-04052026-002,BC,"HYPERMART PURI INDAH ","Ellips Hair Vitamin Hair Treatment Blister (Pink)",5,655200,2026-05-18,SJ-240-18052026-003,PF,"PT RATU SETIA ABADI"
BC dipakai PF,2026-05-05,KB-LPB-05052026-002,BC,"HYPERMART - MALL CIPUTRA CIBUBUR","Ellips Hair Vitamin Hair Treatment Blister (Pink)",4,655200,2026-05-18,SJ-240-18052026-003,PF,"PT RATU SETIA ABADI"
BC dipakai PF,2026-05-05,KB-LPB-05052026-001,BC,"Hypermart - Cyberpark Karawaci LKU","Ellips Hair Vitamin Hair Treatment Blister (Pink)",5,655200,2026-05-18,SJ-240-18052026-003,PF,"PT RATU SETIA ABADI"
BC dipakai PF,2026-05-06,KB-LPB-06052026-004,BC,"HYPERMART GADING SERPONG","Ellips Hair Vitamin Hair Treatment Blister (Pink)",5,655200,2026-05-18,SJ-240-18052026-003,PF,"PT RATU SETIA ABADI"
BC dipakai PF,2026-05-07,KB-LPB-07052026-002,BC,"FMT MAXX BOX","Ellips Hair Vitamin Hair Treatment Blister (Pink)",3,655200,2026-05-18,SJ-240-18052026-003,PF,"PT RATU SETIA ABADI"
BC dipakai PF,2026-05-13,KB-LPBD-13052026-003,BC,"LOTTE MART BINTARO","Sedaap Mie Goreng Isi 5 Bag 90Gr 8 X 5 X 91 Gr",27,88648.648,2026-05-18,SJ-234-18052026-001,PF,"PT. RAJA IMPEX"
BC dipakai PF,2026-05-15,KB-LPBD-15052026-002,BC,"Lotte Mart Fatmawati","Sedaap Mie Goreng Isi 5 Bag 90Gr 8 X 5 X 91 Gr",653,88648.648,2026-05-18,SJ-234-18052026-001,PF,"PT. RAJA IMPEX"
BC dipakai PF,2026-05-15,KB-LPBD-15052026-002,BC,"Lotte Mart Fatmawati","Sedaap Mie Goreng Isi 5 Bag 90Gr 8 X 5 X 91 Gr",27,88648.648,2026-05-18,SJ-234-18052026-001,PF,"PT. RAJA IMPEX"
BC dipakai PF,2026-05-16,KB-LPBD-16052026-001,BC,"PT SAYAP MAS UTAMA","Sedaap Mie Goreng Isi 5 Bag 90Gr 8 X 5 X 91 Gr",129,97416.315,2026-05-18,SJ-234-18052026-001,PF,"PT. RAJA IMPEX"
BC dipakai PF,2026-05-01,KB-LPB-01052026-002,BC,"Hypermart - Supermal Karawaci","Youc1000 Orange 140ML",15,0,2026-05-19,SJ-733-20052026-008,PF,"YAHYA "
BC dipakai PF,2026-05-04,KB-LPB-04052026-007,BC,"Hypermart - Supermal Karawaci","Youc1000 Orange 140ML",184,139980,2026-05-19,SJ-733-20052026-008,PF,"YAHYA "
BC dipakai PF,2026-05-04,KB-LPB-04052026-007,BC,"Hypermart - Supermal Karawaci","Youc1000 Orange 140ML",100,139980,2026-05-19,SJ-202-20052026-007,PF,"YOGA"
BC dipakai PF,2026-05-04,KB-LPB-04052026-007,BC,"Hypermart - Supermal Karawaci","Youc1000 Orange 140ML",600,139980,2026-05-19,SJ-979-20052026-006,PF,"ADRIAN "
BC dipakai PF,2026-05-04,KB-LPB-04052026-007,BC,"Hypermart - Supermal Karawaci","Youc1000 Orange 140ML",116,139980,2026-05-19,SJ-321-20052026-005,PF,"SINAR TERANG"
PF dipakai BC,2026-05-06,KB-LPBD-06052026-005,PF,"PT SINARMAS DISTRIBUSI NUSANTARA ","Kecap Bango 210ml / 265g",1,176576.58,2026-05-19,SJ-481-19052026-001,BC,"MAS HAR"
PF dipakai BC,2026-05-21,KB-LPBD-21052026-001,PF,"TIP TOP CIPUTAT","KECAP BANGO BOTOL 24x275ml",30,369369.369,2026-05-19,SJ-939-19052026-006,BC,"PT. RAJA IMPEX"
PF dipakai BC,2026-05-20,KB-LPBD-20052026-002,PF,"PT. Indomarco Adi Prima Bogor","Indomie Goreng Special 85Gr",1999,96204.003,2026-05-21,SJ-570-20052026-009,BC,"PT. RAJA IMPEX"
PF dipakai BC,2026-05-19,KB-LPB-19052026-002,PF,"HYPERMART PURI INDAH ","Youc1000 Orange 140ML",400,139980,2026-05-21,SJ-272-21052026-004,BC,"MARIANA"
PF dipakai BC,2026-05-19,KB-LPB-19052026-002,PF,"HYPERMART PURI INDAH ","Youc1000 Orange 140ML",716,139980,2026-05-21,SJ-695-21052026-003,BC,"PUTRA SERANG"
PF dipakai BC,2026-03-24,KB-LPBD-20260324-001,PF,"PT MATAHARI PUTRA PRIMA","Abc Kecap Pet 600Ml",500,19106.3063,2026-05-21,SJ-764-21052026-002,BC,"PT. INTRADITA PROSIMPEX"
PF dipakai BC,2026-05-19,KB-LPBD-19052026-005,PF,"PT ULTRA JAYA","ULTRA TEH KOTAK BLACKCURRANT 300ML",50,68018.018,2026-05-22,SJ-582-22052026-005,BC,"PT. MITRA ASIA SYNERGY"
PF dipakai BC,2026-05-19,KB-LPBD-19052026-005,PF,"PT ULTRA JAYA","TEH KOTAK JASMINE 24x300ML",50,68018.018,2026-05-22,SJ-582-22052026-005,BC,"PT. MITRA ASIA SYNERGY"
PF dipakai BC,2026-05-19,KB-LPBD-19052026-005,PF,"PT ULTRA JAYA","TEH KOTAK RASA APPLE 24x300ML",50,68018.018,2026-05-22,SJ-582-22052026-005,BC,"PT. MITRA ASIA SYNERGY"
PF dipakai BC,2026-05-19,KB-LPBD-19052026-005,PF,"PT ULTRA JAYA","TEH KOTAK RASA LEMON 24x300ML",50,68018.018,2026-05-22,SJ-582-22052026-005,BC,"PT. MITRA ASIA SYNERGY"
BC dipakai PF,2026-05-13,KB-LPB-13052026-004,BC,"Hypermart - Cyberpark Karawaci LKU","YOU C 1000 Orange Water 500ML",50,126336,2026-05-23,SJ-655-23052026-003,PF,"TOKO HIDUP MANDIRI"
BC dipakai PF,2026-05-20,KB-LPB-20052026-003,BC," HYPERMART VILLA MELATI ","Youc1000 Orange 140ML",20,139980,2026-05-23,SJ-655-23052026-003,PF,"TOKO HIDUP MANDIRI"
BC dipakai PF,2026-05-13,KB-LPB-13052026-004,BC,"Hypermart - Cyberpark Karawaci LKU","YOU C 1000 Orange Water 500ML",300,126336,2026-05-23,SJ-685-23052026-005,PF,"MAHKOTA BERKAH MANDIRI"
BC dipakai PF,2026-05-13,KB-LPB-13052026-004,BC,"Hypermart - Cyberpark Karawaci LKU","YOU C 1000 Orange Water 500ML",150,126336,2026-05-23,SJ-924-23052026-006,PF,"KO ATENG"
PF dipakai BC,2026-03-24,KB-LPBD-20260324-001,PF,"PT MATAHARI PUTRA PRIMA","Abc Kecap Pet 600Ml",37,19106.3063,2026-05-26,SJ-398-26052026-001,BC,"PT. INTRADITA PROSIMPEX"
PF dipakai BC,2026-03-24,KB-LPBD-20260324-001,PF,"PT MATAHARI PUTRA PRIMA","Abc Kecap Pet 600Ml",463,19106.3063,2026-05-26,SJ-183-25052026-006,BC,"PT. INTRADITA PROSIMPEX"
BC dipakai PF,2026-05-20,KB-LPB-20052026-003,BC," HYPERMART VILLA MELATI ","Youc1000 Orange 140ML",25,139980,2026-05-29,SJ-436-29052026-007,PF,"NGESTI ANAM"
BC dipakai PF,2026-05-13,KB-LPB-13052026-004,BC,"Hypermart - Cyberpark Karawaci LKU","YOU C 1000 Orange Water 500ML",10,126336,2026-05-29,SJ-436-29052026-007,PF,"NGESTI ANAM"
PF dipakai BC,2026-05-28,KB-LPB-28052026-004,PF,"HYPERMART PURI INDAH ","Kecap Bango Refill 700Ml",500,240000,2026-05-30,SJ-911-30052026-002,BC,"Pak JOKO"
BC dipakai PF,2026-05-13,KB-LPB-13052026-004,BC,"Hypermart - Cyberpark Karawaci LKU","YOU C 1000 Orange Water 500ML",75,126336,2026-06-02,SJ-327-02062026-002,PF,"KO ATENG"
BC dipakai PF,2026-06-13,KB-LPB-13062026-004,BC,"Hypermart - Cyberpark Karawaci LKU","Youc1000 Orange 140ML",50,139980,2026-06-15,SJ-311-15062026-004,PF,"YANI JELAMBAR"
BC dipakai PF,2026-05-25,KB-LPBD-25052026-005,BC,"Hypermart - Cyberpark Karawaci LKU","Oreo Sandwich Blueberyy 105Gr",114,141621.6216,2026-06-22,SJ-657-22062026-008,PF,"PT. INTRADITA PROSIMPEX"
BC dipakai PF,2026-05-07,KB-LPB-07052026-002,BC,"FMT MAXX BOX","Ellips Hair Vitamin Smooth &  Shiny Blister (Yellow)",2,655200,2026-06-22,SJ-474-22062026-009,PF,"PT RATU SETIA ABADI"
BC dipakai PF,2026-06-24,KB-LPBD-24062026-005,BC,"Lotte Mart Fatmawati","MIE SEDAAP CUP  KOREAN SPICY SOUP  12x75gr",35,41891.891,2026-06-30,SJ-216-30062026-005,PF,"PT. RAJA IMPEX"